安靖公派,,,,,,,
성명,세수,본향/생년,거주지,,직업,연락처,
,,,우편번호,주소,직장/직위,집/직장,h.p/ e-mail
이가열,29,연산/43,151-854,서울 관악구 쑥고개로2가길 33 (신림동),"건축/기와,
집수리,증축)",02)863-8862,011-376-1069
이관식,28,상주/28,100-412,서울 중구 퇴계로 330(광희동2가),,02)2275-9629,016-274-9629
이기범,32,양평/58,130-770,"서울 동대문구 전농로 192, 104동101호 (전농동, 삼성아파트)","㈜라이프메디
칼/관리과장",02)967-4321,010-2736-0064
이기준,30,/49,445-932,경기도 화성시 양감면 안요골길82번길 74-33  ,파모스가든,,010-3166-6869
이기태,32,양평/41,464-803,"경기도 광주시 경안로 106, 102동1705호
(경안동, 해태그린아파트 )
",,,010-4198-8565
이덕영,27,/,135-890,"서울 강남구 도산대로23길 18,  A동201호  (신사동, 신사파크빌)",,02)512-7656,011-233-7656
이봉식,28,/36,133-721,서울 성동구 아차산로 38  (성수동1가) 개풍빌딩 6층 ㈜하나가치,,02)381-7102,
이성열,31,양평/37,476-801,"경기도 양평군 양평읍 
봉성길 97 (봉성리 146-9)
",,031)771-9584,010-5449-4498
이수열,31,양평/45,130-864,서울 동대문구 약령서길 88-8  (제기동) ,,02)967-3807,010-4311-3807
이윤식,28,/48,150-903,서울 영등포구 영등포로53길 42-1  (영등포동2가),,02)2635-1196,
이은정,33,서울/72,122-903,"서울 은평구 갈현로 4길 5-13, 102호  (역촌동)","은평소방서
    /지방소방장",,010-4214-3017
이인표,28,상주/48,138-854,서울 송파구 송파대로36가길 22  (송파동)  ,"가락실버사랑
    의원/ 원장",02)425-2045,011-225-9375
이재식,33,/,130-876,"서울 동대문구 휘경동 이문로 8길 50, 1층 1호",,,010-6614-9314
이점진,28,/48,151-804,서울 관악구 구암5가길 25  (봉천동)   ,,02)883-3377,010-8902-2329
이정영,27,/25,132-769,"서울 도봉구 해등로 49, 320동906호  (창동, 주공3단지아파트)  ",,02)997-0585,019-9733-0585
이정용,27,/25,132-789,"서울 도봉구 노해로70길 19, 1904-1103 (창동, 주공19단지아파트)",,02)997-0585,019-9733-9585
이종현,28,상주/61,152-814,서울 구로구 개봉로 17마길 37  (개봉동) ,"아주이엔지(주)
       / 이사",,011-764-4346
이종화,28,상주/63,402-818,인천시 남구 인주대로 237길 21-8  (용현동),,032)875-8679,010-9034-0942
이주열,29,상주/38,156-803,서울 동작구 장승배기로25길 3-13  (노량진동),,,010-5429-8369
이현수,29,/40,150-862,"서울 영등포구 영등포로 17, 101동204호 (양평동2가, 상록수아파트) ",,02)672-7509,
鈍齋公派 ,,,,,,,
성명,세수,본향/생년,거주지,,직업,연락처,
,,,우편번호,주소,직장/직위,집/직장,핸드폰/ e-mail
이가열,29,/31,158-839,"서울 영등포구 선유서로 128, B동2007호(양평3가동,대우미래사랑A)",,02)2690-1450,010-6436-7373
이거호,32,성주/80,158-773,"서울 양천구 목동동로 100, 1310동1106호 (신정동, 목동13단지)",한국철도공사,,010-3210-6965
이경숙,30,/61,158-751,"서울 양천구 목동서로 38, 127동1106호 (목동, 목동1단지아파트)  ",삼성생명,02)2643-6083,010-4715-0420
이광수,29,/   ,472-846,"경기도 남양주시 화도읍 묵현로14길 16-3, 가동301호  (세진빌라)  ",,031)594-7734,010-6776-1236
이국록,31,/51,158-808,"서울 양천구 목동중앙북로20길 20, B동101호(목동,   대한빌라)",,02)2647-2609,010-2369-9720
이규현,28,/81,482-050,경기도 양주시 덕계동 평화로 1429길 55-11,,,010-7370-1461
이기근,30,/,469-884,경기도 여주군 대신면장풍3리,,031)884-4492,
이기농,30,/,469-854,경기도 여주군 북내면천송리,,031)885-1864,
이기범,30,/,138-150,"서울 송파구 가락로36길 15-22  (방이동, 세올리빌)  ",,02)420-2176,
이기석,30,/,469-885,경기도 여주군 가남면신해리 302,,031)884-1463,
이기섭,30,/,469-884,경기도 여주군 가남면 태평3리 80-3,,031)883-7140,
이기영,30,/,403-011,인천시 부평구 부평문화로 37  (부평동)동아@ 25-503,,032)522-0295,
이기정,30,/50,469-813,경기도 여주군 능서면 번도5리 892-2,,031)882-1594,011-337-1594
이기준,30,/36,140-120,서울 용산구 효창원로93길 50  (효창동),,02)707-0087,
이기진,30,/,133-060,서울 성동구 사근동 146-22,,02)2297-5135,
이기철,30,/,469-812,경기도 여주군 능서면 왕대2리 ,,031)884-0673,
이기택,30,/,469-885,경기도 여주군 가남면 신해리 302,,031)882-3768,
이기화,28,/,110-250,서울 종로구 북촌로4길 10  (재동) ,,02)744-7912,011-211-8346
이기환,30,/,153-866,"서울 금천구 시흥대로36길 45, 7동101호  (시흥동,중앙하이츠)","금호타이어
대리점",02)808-4988,
이길수,30,/68,151-794,"서울 관악구 삼성동 광신길86, 202동2307호(주공아파트)",자영업,02)2625-1595,011-417-1595
이길수,31,/68,135-100,서울 강남구 선릉로190길 114  (청담동) ,,02)3442-5687,
이낙소,27,/39,464-841,경기도 광주시 퇴촌면 정지1리 610-1,소개업,,
이남곤,31,/,158-071,"서울특별시 양천구 목동서로 340, 901동502호 (신정동, 목동9단지아파트) ",,02)2648-1728,010-3567-1728
이덕기,29,부천/49,422-803,경기도 부천시 소사구 경인로 499  (괴안동) ,,,010-8892-6371
이덕봉,32,/19,150-152,서울 영등포구 신길2동186-152(9/8),,02)833-6184,
이동석,30,청도/45,138-874,"서울 송파구 풍성로6길 7-1, 301호  (풍납동) ",,,010-3543-8283
이동찬,36,포천/79,132-854,서울 도봉구 방학로 39-7  (방학동),,,"010-6543-0443
"
이명규,30,/,121-888,서울 마포구 동교로8길 61  (합정동),,02)336-9373,
이명모,30,/57,404-320,인천시 서구 원당동 663,,032)564-0256,
이무륭,29,/45,134-761,"서울 강동구 천호대로187길 74, 107동105호 (길동,우성아파트) ",승리유통/대표,02)477-4605,010-3714-8637
이범규,30,성주/75,153-030,"서울 금천구 시흥대로 165, 205동703호  (시흥동, 남서울힐스테이트아파트) ",삼성전자㈜,,010-2817-1796
이범식,30,/57,404-320,인천시 서구 원당동 664,,032)564-0242,
이병열,29,/,462-170,성남시 중원구 중동 신지구 3006,,,
이보현,28,/37,157-894,서울 강서구 등촌로13길 162-10  (화곡동),,직02)597-6762,018-211-0999
이    봉,28,전북/32,156-090,"서울 동작구 동작대로29길 110, 407동1402호 (사당동, 신동아아파트)",새한건설/대표,02)536-2313,010-3722-2313
이봉수,29,용인/48,463-815,경기도 성남시 분당구 불곡북로 8  (정자동) 3층,,031)707-0100,010-5413-0100
이분이,29,/,157-015,"서울 강서구 화곡5동 993-13,라동 105호 (삼화주택)",,,
이상록,31,성주/52,411-704,"경기도 고양시 일산서구 성저로 91, 907동404호 (대화동,성저마을9단지건영빌라)",PNE산업(가스),031)912-3263,018-236-9220
이상규,30,성주/48,429-820,"경기도 시흥시 동서로 1102,  505호(목감동, 청도아파트)",,031)486-8691,
이상배,28,부천/73,422-814,경기도 부천시 소사구 경인로 19  (송내동) ,,032)651-5069,010-6346-5069
이상수,,/70,131-222,"서울 중랑구 중랑천로10길 23, 901호 
 (상봉동, 금강산아파트)
",,02)493-3043,
이석규,30,/61,463-753,"경기도 성남시 분당구 불정로 195, 610동202호 (정자동, 정든마을) ",,031)713-6152,
이성기,27,용인/51,449-861,경기도 용인시 처인구 백암면 박곡로 105길 9 ,,,010-2279-9274
이성원,33,성주/73,138-834,"서울 양천구 남부순환로60길10,101호 (신월동, 자이언트빌라)",,,010-3911-9206
이수웅,32,/40,429-250,경기도 시흥시 하중로133길 16  (하중동),,032)317-0395,
이수호,32,/66,139-200,"서울 노원구 상계로1길 82-14, 301-502 (상계동, 비콘드림힐)",국민은행,02)3391-3314,010-9955-8622
이수환,30,/52,134-070,"서울 강동구 상암로 214, 2동802호  (명일동,삼익가든)",삼광섬유/대표,02)484-1877,
이순식,,/34,404-320,인천시 서구 고산후로183길 12  (원당동) ,,032)564-5579,
이순자,33,/,157-016,서울 강서구 화곡로53가길 32  (화곡동)  ,,,
이순철,32,/42,422-821,경기도 부천시 소사구 성무로21길 14-13  (심곡본동) ,,032)651-0842,
이승규,30,성주/70,134-716,"서울 강동구 고덕로 131, 135동802호  (암사동, 강동롯데캐슬퍼스트아파트)  ",㈜웰러스,02)428-3861,010-2302-3849
이승규,33,/58,120-180,서울 양천구 신정7동1430-606,"롯데백화점
면세점",02)2646-5236,
이승규,30,/70,435-709,"경기도 군포시 광정로 122,116동501호 (산본동, 주몽아파트)",,02)369-9503,
이승배,28,서울/65,422-752,"경기도 부천시 소사구 범안로 78, 201-1002  (범박동, 힐스테이드) ",,032)214-4160,010-5301-4113
이승윤,34,/,420-835,"경기도 부천시 원미구 역곡로46길 31, 304호 (역곡동, 하나맨션)",경영컨설팅,,010-5396-7769
이신도,,/72,415-806,경기도 김포시 운양동722,,031)998-3517,
이양원,,/,463-030,"경기도 성남시 분당구 서현로494번길 10, 3층  (분당동)",,031)701-7685,
이양현,28,/39,136-843,서울 성북구 정릉2동 574-1,건축업,02)917-1373,
이양희,29,/,133-775,"서울 성동구 행당로 75,  110동1406호
(행당동,대림아파트)
",,02)2295-4107,011-728-5173
이연록,32,/40,422-807,경기도 부천시 소사구 소사본2동 115-1,,032)341-3141,
이영규,30,/52,142-101,서울 강북구 미아동839-31,,02)983-9747,
이영규,30,/40,130-110,경기도 의정부시 둔야로49번길 47(의정부동),,02)928-8668,010-3237-5216
이영규,30,/48,158-092,서울 양천구 신월2동 1020신성미소지움101-1403,,02)2605-5902,
이영록,31,/45,472-874,"경기도 남양주시 평내로 104, 
1510-1401(평내동,평내마을대주아파트)
 ",,,016-274-5103
이영복,,/53,415-050,경기도 김포시 운양동766,,031)984-4921,
이영식,31,/28,422-823,"경기도 부천시 소사구 성무로17길 38  (심곡본동, 황토에이스타운) ",,,
이영호,30,/31, 156-846,서울 동작구 국사봉길 153  (상도동) ,"전)혜화여고
/교감",02)822-0452,010-6320-2275
이영희,31,/50,142-866,"서울 강북구 덕릉로42길 53, 302호 (번동, 아카데미빌라)","종친회사랑
   (산여울)",,010-7398-8594
이영희,29,/50,152-051,서울 구로구 구로1동 492-2 인흥연립 바-202,,02)854-0901,
이완규,30,/66,157-895,"서울 강서구 강서로 51-5, 201호(화곡동,아루누보)",,02)2690-8906,010-3785-5928
이완기,30,/35,420-023,경기도 부천시 원미구 중3동신동아@ 614-701,전)부천시/국장,032)323-2535,
이완모,30,/53,404-320,인천시 서구 원당동 689,,032)564-0243,
이완종,30,/,100-454,"서울 중구 동호로10길 30, 118동1201호 (신당동, 약수하이츠아파트)",,02)2235-9930,011-933-6276
이외숙,32,/63,150-899,"서울 영등포구 도신로29길 28, 208-1101 (영등포동, 영등포푸르지오)",서울대병원,,019-591-8033
이용재,31,/38,405-840,인천시 남동구 문화서로28번길 25-6  (구월동) ,,032)437-2408,
이용회,30,/62,152-012,서울 금천구 독산로67길 26  (독산동) ,시사저널사업부,02)893-2606,
이우택,31,/50,122-050,서울 은평구 연서로17길 18-7  (갈현동),풍산금속/이사,02)359-3568,
이우현,33,/65,136-075,서울 성북구 안암동 5가152-63,,02)922-9416,
이원규,30,성주/47,412-735,"경기도 고양시 덕양구 화중로219, 109동301호(달빛마을아파트)","사단법인 
한반도비젼과통일
/상임대표",031)965-5438,010-4786-3240
,,,,,,,
이원규,30,/68,133-775,"서울 성동구 행당로 75, 108동203호 (행당동,대림아파트)",,02)2299-9628,
이원길,29,/59,456-860,경기도 안성시 금광면 개산리 외개산,,031)672-3146,
이원만,29,/48,100-392,서울 중구 장충단로 60  (장충동2가)  타워호텔골프연습장,,02)2236-2151,
이원성,30,/,158-857,서울 양천구 은행정로15길 21  (신정동),,02)691-0907,
이윤규,30,/67,480-020,경기도 의정부시 호원동뉴익3차@302-2004,아리랑TV/차장,031)873-4422,010-4786-3240
이윤하,30,/79,425-805,"경기도 안산시 단원구 인현3길 25, 104동309호 (고잔동, 현대2차아트빌라)",,031)401-6424,
이윤화,30,/29,130-070,서울 동대문구 천호대로16나길 2  (용두동)   ,,02)923-8344,
이은식,31,/47,422-807,경기도 부천시 소사구 소사본2동 76,,032)923-2500,
이익경,32,/56,157-797,서울 강서구 화곡5동우신@ 2-505,농장경영,02)2605-6561,
이익수,30,/,412-735,"경기도 고양시 덕양구 화중로 222, 201동202호 (화정동, 달빛마을2단지아파트) ",,031)965-7530,010-7728-3617
이인규,30,/,158-836,서울 양천구 지양로 75  (신월동),,02)2604-8923,011-341-0260
이인병,31,/57,151-091,서울 관악구 신림9동251-140,,02)871-6875,
이일룡,,/42,415-050,경기도 김포시 운양로 102-10  (운양동)   ,,031)984-6713,
이임규,30,/59,138-110,"서울 송파구 송파대로48길 34, 101동501호  (송파동, 호수임광아파트)",,02)420-8838,019-273-8487
이자실,29,/40,448-981,"경기도 용인시 수지구 수지로113길 15, 207동804호 (성복동, 성동마을엘지빌리지2차아파트)",,031)362-9642,011-9067-9643
이재건,29,/48,422-830,"경기도 부천시 소사구 범안로7길 73,  B동 102호 (괴안동, 쌍용빌라) ",,직02)846-9877,010-8573-7993
이재곤,29,/61,158-094,"서울 양천구 남부순환로70길 11-5, C동102호 (신월동, 로얄주택) ",백두산업,02)698-7557,
이재권,29,/46,472-796,"경기도 남양주시 호평로 9, 2403동1302호 (호평동, 호평마을우미린아파트)",양평소방서,,010-2357-2719
이재권,,/59,415-812,경기도 김포시 고촌읍 인향로 98  (신기연립),,031)986-4435,
이재균,29,/24,407-808,인천시 계양구 계산로41길 8  (계산동)  ,부천공고,032)541-8357,016-211-8357
이재병,29,/39,480-849,"경기도 의정부시 의정로22길 24  (의정부동, 한솔빌리지먼트2차) ",,031)876-7100,010-5324-7100
이재성,29,/48,150-850,서울 영등포구 도림로85길 18-2  (신길동)   ,,02)846-2554,
이재송,29,/56,412-820,"경기도 고양시 덕양구 지도로104번길 14-6, 나동1호  (토당동, 영신빌라)",,031)876-6344,010-5352-5980
이재식,29,/40,411-372,"경기도 고양시 일산서구 대산로 184, 113동1605호 (주엽동, 문촌마을1단지아파트)",,031)912-2969,011-723-2968
이재식,29,/50,133-841,서울 성동구 고산자로24길 17  (마장동) ,"산동축산
/대표",,011-211-3772
이재식,31,/33,429-250,경기도 시흥시 하중로 214  (하중동),,032)317-8744,
이재완,29,/56,133-824,서울 성동구 왕십리로13나길 19-6  (성수동1가)  ,,02)466-7031,011-263-5561
이재우,29,/46,150-842,서울특별시 영등포구 여의대방로35길 5-1  (신길동) ,,02)846-9877,011-738-5033
이재원,29,/56,132-731,"서울 도봉구 도봉로180나길 41, 117동306호 (도봉동, 한신아파트) ",,02)3493-0145,010-2802-7021
이재원,29,/57,132-073,서울 강북구 한천로 1046  (수유동),현대화재,02)905-8744,
이재육,29,/46,120-122,서울 서대문구 가재울로 75-12  (남가좌동) ,,02)374-4176,010-5042-3176
이재이,29,/44,139-760,"서울 노원구 노원로 564, 1004동905호 (상계동, 상계주공10단지아파트) ","노원구청
/공원녹지과",직 02)2116-3944,010-7737-1461
이재춘,29,/,143-224,서울 광진구 용마산로28나길 6  (중곡동)  ,,02)446-5819,
이재호,32,성주/80,158-793,"서울 양천구 신정로7길 70, 101동506호 (신정동, 푸른마을1단지아파트)","서울도시
개발㈜",,010-2733-1525
이재호,29,/51,135-231,"서울 강남구 양재대로55길 10, 103동1113호 (일원동, 수서1단지 에스에이치빌) ",,02)452-7187,
이재화,29,/48,411-370,"경기도 고양시 일산서구 대산로 141, 403동401호 (주엽동, 문촌마을4단지아파트) ",,031)912-3632,011-753-2131
이정규,30,/,151-884,서울 관악구 신림7동667-54,,02)855-9856,
이정남,29,/42,412-120,"경기도 고양시 덕양구 일영로 153-1, 부흥농원  (지축동)",,02)381-1428,011-9004-1428
이정록,31,성주/39,100-273,"서울 중구 필동로5길 2, 305호  (필동3가, 미주아파트)","전) 
서울대병원
코러스제약",02)2265-3652,010-6478-3636
이정숙,30,/,425-040,"경기도 안산시 상록구 화랑로 495, 9동1103호  (성포동, 예술인아파트)",,,
이정식,,/48,415-050,경기도 김포시 운양동790,,031)984-5396,
이정언,,/52,415-050,경기도 김포시 운양로 102-3  (운양동) ,,031)984-7356,
이정학,33,/52,430-080,"경기도 안양시 동안구 경수대로665길 25, 302호 (호계동, 대가맨숀)  ","반도자동차
공업/
사업부",031)55-2087,
이정희,29,/37,130-758,"서울 동대문구 한천로11길 10, 102동1301호 (답십리동, 동아아파트)  ","경남상회
/대표",02)2215-5879,
이종기,,/48,402-845,인천시 남구 인하로 212길 25  (주안동) ,,032)541-8357,
이종대,27,/54,133-072,"서울 성동구 고산자로 197, 무학여고  (행당동) ","무학여고
/교사",02)957-4646,
이종두,31,성주/60,431-797,"경기도 안양시 동안구 흥안대로414번길 39, 205-1301(평촌동, 인덕원 대림2차 아파트)  ","㈜
퀀텀에너지
    /회장",031)424-0406,010-3748-0402
이종만,28,/39,142-771,"서울 강북구 삼각산로 143-1, 9동803호 (수유동, 벽산아파트)","둔재공파
/회장",02)969-9559,011-755-0900
이종민,31,/64,157-784,"서울 강서구 방화대로47가길 22, 405동1103호  (방화동, 방화4단지아파트) ","메트라이프
생명",02)2665-4041,018-227-2354
이종범,,/31,406-754,"인천시 연수구 원인재로 124, 101-205 (동춘동,한양아파트)",,032)815-6067,
이종섭,,/31,406-830,인천시 연수구 청능말로22길 24  (청학동) ,,032)822-1309,
이종성,28,/,152-836,"서울 구로구 고척로52길 48, 112동601호  (고척동, 대우아파트) ",,02)2612-4457,
이종식,31,/29,429-250,경기도 시흥시 하중동473-39,,031)317-2321,
이종완,,/59,403-710,"인천시 부평구 갈월동로 34, 1동1705호  (갈산동, 팬더아파트)  ",,032)526-8208,
이종재,,/38,405-221,인천시 남동구 문화로115번길 15  (구월동),,032)866-2369,
이종준,,/28,122-853,서울 은평구 불광로18길 7  (불광동) ,수양슈퍼,02)386-0648,
이종찬,31,/65,403-022,"인천시 부평구 상정로44번길 6, 다동104호 (십정동, 은하빌라) ",,032)518-9619,
이종철,28,/55,435-010,"경기도 군포시 산본로216길 18, B동301호  (당동, 풍성아파트)  ",구로전화국,031)56-4664,
이종철,28,/,131-203,"서울 중랑구 사가정로71길 19, 1동202호 (면목동, 용마한신아파트)",,02)432-4664,
이종태,28,/,472-846,"경기도 남양주시 화도읍 묵현로14길 16-7, 가동301호  (세진빌라) ",,031)594-7734,010-5224-8134
이종학,,/40,402-774,"인천시 남구 소성로 76, 10동403호 (학익동, 장미아파트) ",,032)862-4365,
이종호,,/65,406-721,"인천시 연수구 한진로 49, 507-603  (옥련동, 현대5차아파트)",,032)833-8725,
이종호,29,/49,412-804,경기도 고양시 덕양구 통일로 967-12  (관산동) ,합성농원,031)963-7418,010-7734-7418
이주연,32,성주/78,158-818,서울 양천구 목동중앙서로7다길 43  (목동) ,,,010-4760-9451
이준모,,/33,404-320,인천시 서구 원당동689,,032)563-1651,
이중기,28,/42,412-815,경기도 고양시 덕양구 지축동 531-4,광명농원,,011-9935-1114
이중호,29,/54,152-051,"서울 구로구 구일로 4길 65, 113동707호(구로동, 구로주공아파트)  ","서울시청
세종회관",02)862-7922,
이지목,31,/56,158-755,서울 양천구 목3동동신@3-404,"서울시청
여성정책
담당관",02)655-0861,
이진규,30,/56,463-763,"경기도 성남시 분당구 돌마로 486길 7, 623동1508호 (서현동, 효자촌동아아파트)   ",,031)704-0820,011-228-0820
이윤근,30,/,404-170,인천시 서구 경명대로 44(경서동),,,010-6315-5995
이진규,30,/64,134-849,"서울 강동구 성안로13길 20-22 (성내동, 해동빌라)",,02)474-4395,
이진록,31,성주/48,464-020,경기도 광주시 광남안로263,"고성이씨
광모재",070-8885-2695,010-2697-2695
이진배,28,부천/77,422-040,경기도 부천시 소사구송내동 E-편한세상 107-1001,,032)218-1105,010-3737-5069
이진세,29,/42,130-820,서울 동대문구 왕산로16가길 15  (용두동),,02)922-1860,010-8121-9508
이찬기,27,/28,150-054,서울 영등포구 가마산로 507-1  (신길동),풍전호텔,02)834-2354,
이찬진,33,/,131-231,서울 중랑구 망우1동87-2,,02)432-5512,
이창규,30,/39,134-715,"서울 강동구 고덕로 131, 121-1903  (암사동, 강동롯데캐슬퍼스트아파트) ",,02)441-4606,011-9725-4606
이창규,30,/47,158-839,서울 양천구 오목로 16-1  (신월동),,02)2605-0147,
이창열,29,성주/56,158-803,"서울 양천구 목동중앙본로18가길 22, 201호",,02)2648-3751,"010-4303-3751

"
이창영,29,포항/66,143-724,서울 광진구 구의동 구의대림아크로리버 B동 1802호,,,010-4849-1825
이창호,32,성주/78,158-793,"서울 양천구 신정로7길 76, 101동506호 (신정동, 푸른마을아파트) ",삼성전자㈜,,010-5599-7803
이창희,29,/38,138-130,"경기도 남양주시 와부읍 덕소로97길 69, 103동401호 (대성아파트)",,031)577-4971,
이천원,32,/32,429-250,경기도 시흥시 하중로 186  (하중동),,032)317-7533,
이춘영,28,/60,480-767,"경기도 의정부시 장곡로 240, 116-1802 
 (장암동, 장암동아아파트)
",,031)537-9615,010-6343-3332
이태호,30,정읍/39,151-817,서울 관악구 인현동 196-50,"전)
국군정보
사령부
/기획처장,",02)878-6626,011-206-7431
이학규,30,성주/68,131-862,"서울 중랑구 봉화산로44길 2,  502호 (상봉동, 세종에코그린)",,02)6452-5858,010-4471-4971
이학수,29,용인/51,449-861,경기도 용인시 처인구 백암면 박곡로 61길 31-5,,031)332-4827,010-8789-5101
이헌모,33,/54,153-770,"서울 금천구 디지털로9길 56, 309호  (가산동) ",,032)519-8563,011-712-5395
이현식,31,/35,420-810,경기도 부천시 원미구 석천로38번길 80  (상동),,032)613-7502,
이형규,30,/57, 131-802,서울 중랑구 용마산로116길 26  (망우동)  ,,02)3405-3333,017-360-1359
이형무,32,/,420-011,경기도 부천시 원미구심곡1동 625,,032)656-4767,
이호규,30,/43,120-130,"서울 서대문구 증가로24길 21, 203호 (북가좌동",전)철도청,02)373-7891,
이호현,28,/45,156-792,"서울 동작구 현충로 151, 114동802호 (흑석동, 한강현대아파트)",,,011-382-7450
이화종,30,/35,136-055,서울 성북구 동소문로23길 62-10 (동선동5가)  ,,02)926-1616,
이효섭,29,/,462-120,"경기도 성남시 중원구 금상로 134, 109동801호 (상대원동, 선경아파트) ",,,
이흥식,,/68,404-320,인천시 서구 원당동663,,032)564-3731,
이희식,31,/42,429-250,경기도 시흥시 시흥대로268번길 50-65  (능곡동),,032)317-2315,
이희열,29,성주/47,153-030,"서울 금천구 탑골로2길 24, 101동1008호 (시흥동, 금광포란재아파트)","전) 
서울대병원
",02)805-5323,010-6282-1795
 護軍公派,,,,,,,
성명,세수,본향/생년,거주지,,직업,연락처,
,,,우편번호,주소,직장/직위,집/직장,핸드폰/ e-mail
이   근,,,136-755,"서울 성북구 솔샘로 120, 109-1001 (정릉동, 정릉풍림아이원아파트) ",,02)936-1288,
이강술,30,,431-744,"경기도 안양시 동안구 부림로 52, 509-401 (평촌동, 초원럭키아파트)  ",,031)422-6217,
이강호,30,,427-060,"경기도 과천시 용마1로 7, 101호 (과천동) ",,02)507-0488,
이경연,30,/63,139-891,"서울 노원구 동일로245가길 41, 208-1304 (상계동, 은빛2단지아파트) ",헤어101/원장,,010-4559-9817
이경희,29,나주/47,472-893,"경기도 남양주시 오남읍 진건오남로 555길 19, 102-205 (신동아아파트) ","오남읍새마을지도자
    협의회/부회장",032)528-8268,011-231-8268
이광희,30,/,151-765,"서울 관악구 실림로3길 40,2-612(신림동, 건영3차아파트)",,,010-5380-4580
이금식,31,고흥/,135-814,"서울 강남구 강남대로146길 28, 101-513  (논현동, 논현아파트)   ",,,011-244-9969
이금옥,31,고흥/39,137-041,"서울 서초구 강남대로85길 15  (반포동, 녹우빌딩)",호군공파/회장,02)548-2566,010-3848-2566
이기락,30,/,157-201,"서울특별시 강서구 허준로 23, 107- 904 (가양동, 한강타운아파트) ",,,011-9123-1076
이기래,30,/,411-751,"경기도 고양시 일산서구 주엽로 98, 1705-1201  (주엽동, 문촌마을17단지아파트)",,031)913-0902,010-5320-0822
이기로,30,/,404-260,인천시 서구 마전지구 94-4대원레스피아1차 202-1402  ,,,010-6803-2688
이기만,30,/,139-945,"서울 노원구 공릉로51길 14-17, 102-504 (공릉동, 건영장미아파트) ",,,010-3793-0087
이기명,28,/,482-715,"경기도 성남시 중원구 둔촌대로363, 108-1201(하대원동, 자이아파트)",,,011-9702-6150
이기복,30,/39,143-885, 서울특별시 광진구 긴고랑로 16길 16  (중곡동) ,,02)444-7965,010-8185-7965
이기본,30,/,140-850,"서울특별시 용산구 원효로25길 13, 가-166(원효로4가, 풍전아파트) ",,02)3274-0045,010-5327-2378
이기상,30,/,151-900,서울 관악구 신원동 1604-42철성연립 나동 203호,,,011-308-2700
이기서,30,나주/51,132-788,"서울 도봉구 노해로 70길 112, 1811-301  (창동, 주공18단지아파트)","광운대학교
전자정보대학
로봇학부/교수",02)904-5329,010-7193-5154
이기석,30,나주/50,120-861,서울 서대문구 송죽길 34-57  (홍제동)  ,"호군공파/
서울종친회장",02)391-4524,010-5255-4410
이기석,30,/,435-040,"경기도 군포시 수리산로 102, 859-1806 (산본동, 설악아파트)",,031)399-1847,
이기석,30,/,122-011,"서울 은평구 응암로 318, 104-204 (응암동, 응암동금호아파트)",,,011-9227-7133
이기선,30,나주/58,151-015,서울 관악구 조원로 5-6  (신림동),"광명콘트롤
전자",02)849-8628,010-9118-6141
이기수,30,/49,151-772,"서울 관악구 관악로 304, 117-406 (봉천동, 관악현대아파트) ",,02)872-2877,017-261-2154
이기숙,30,서울/77,130-846,서울 동대문구 천호대로 85길 10,"중림개발㈜
/계장",,010-4030-8268
이기식,30,/,449-904,"경기도 용인시 기흥구 한보라1로 91, 604-1401 (보라동, 한보라마을휴먼시아6단지아파트) ",,031)287-3122,011-9272-5057
이기양,30,나주/29,150-102,"서울 영등포구 선유서로21길 19, 101-1501 (양평동2가, 양평동벽산블루밍아파트) ",,02)2675-7789,010-8614-7789
이기옥,30,/,152-051,서울 구로구 구로1동 현대로얄@ 808호,,02)830-6626,010-7377-6626
이기우,30,/,443-727,"경기도 수원시 영통구 매영로310길 12, 533-1003 (영통동, 신나무실5단지아파트)",,031)203-1327,
이기욱,30,나주/84,472-756,"경기도 남양주시 오남읍 진건오남로 781-40,  205-1102 (두산아파트) ",,,010-2501-4385
이기천,30,/,482-821,"경기도 양주시 삼숭로38길 78-30, 209-1105 (삼숭동, 양주자이1단지아파트) ",,010-6330-1803,010-7133-4902
이기학,30,/,415-815,"경기도 김포시 고촌읍 수기로 8, 103동702호 (오룡마을한화아파트)",,,011-323-1442
이기헌,30,/,411-756,"경기도 고양시 일산서구 홀트로 57, 404동1103호 (탄현동, 탄현마을4단지아파트)  ",,,010-5390-0330
이기화,30,나주/41,137-754,"서울 서초구 효령로34길 79, 1-606 (방배동, 삼익아파트)  ",서울대명예교수,02)521-2224,010-9019-9213
이길종,,/,139-050,서울 노원구 광운로 2길 45  (월계동) ,,,011-813-3136
이대종,,/,487-820,"경기도 포천시 소흘읍 종오리127-2, 315-602 (대봉마을소우아파트)",,031)545-6368,
이덕자,30,/58,157-838,"서울 강서구 화곡로 68길 47, 607호 (등촌동, 트리버하우스)  ",,,010-5217-3032
이돈호,31,/,139-773,"서울 노원구 공릉로 34길 62, 1003-1104 (공릉동, 태강아파트) ",,,
이민수,31,나주/51,153-832,서울 금천구 독산로55길 21  (독산동)  ,,02)807-7779,010-3455-8677
이민호,31,31/59,421-803,경기도 부천시 오정구 고강본동366-16 새영하이츠 다-401,,,010-5430-1908
이범열,29,나주/55,472-756,"경기도 남양주시 오남읍 진건오남로 781-40, 205-1102 (두산아파트) ",,,010-9656-4385
이병주,33,서천/50,463-779,"경기도 성남시 분당구 수내로 174, 103-902 (수내동, 푸른마을벽산신성아파트)",황금가든/대표,031)711-7050,010-5319-7887
이병주,29,나주/50,465-820,"경기도 하남시 신장1로 27길 65-9, 101호  (신장동) ",,,010-5327-2959
이병직,33,/,440-723,"경기도 수원시 장안구 화산로187길 19, 106-1303  (천천동, 삼성래미안아파트) ",,,016-415-4070
이병태,33,      /46,448-537,"경기도 용인시 수지구 신봉1로 110, 501동1102호  (신봉동, 신봉마을엘지빌리지5차아파트)","학교법인전인학원
 /이사장",031)262-6446,010-2746-4310
이삼용,30,/,133-806,"서울 성동구 금호산8길 5, 108-1004 (금호동3가, 금호1차푸르지오아파트)",,02)2297-2971,010-2093-2970
이삼호,31,/,156-852,"서울 동작구 여의대방로 22, 101-201 (신대방동, 우성아파트)",,02)842-6637,011-754-6637
이상훈,30,/,121-853,"서울 마포구 백범로37길 6, 105-1403  (신공덕동, 신공덕1차삼성래미안아파트) ",,02)715-3829,010-7187-3821
이수호,31,/,135-230,"서울 강남구 광평로10길 15, 105-403 (일원동, 상록수아파트) ",,,010-4446-3411
이순남,29,나주/54,110-838,서울 종로구 창신1동 107-101,,,010-7270-8130
이순신,,/,429-751,"경기도 시흥시 중심상가로 349, 901-208  (정왕동, 유천아파트)",,031)503-8819,
이순열,29,/,471-030,"경기도 구리시 벌말로 226-2, 509-406 (수택동, 토평주공아파트)",,,
이순호,,/,157-915,"서울 강서구 화곡로 54길 20, 2-108  (화곡동, 한양아파트)",,02)2607-8037,
이승규,34,서천/82,463-779,"경기도 성남시 분당구 수내로 174, 103-902  (수내동, 푸른마을벽산신성아파트) ",본아이에프,031)711-7050,010-8893-7050
이승호,31,/,158-090,"서울 양천구 신월로15길 25, 101-404 (신월동, 신월대성유니드아파트)",,02)2608-5874,
이승호,31,,421-190,"경기도 부천시 오정구 고리울로74길 25-1, 6-101 (고강동, 삼도주택) ",,,
이양석,28,/38,136-746,"서울 성북구 정릉동 보국문로183, 101-1205 (피오래아파트) ",,,011-265-5587
이양호,,/,133-050,"서울 성동구 마장로35길 108, 나-302 (마장동, 미성빌라)  ",,,
이영식,,/,132-762,"서울 도봉구 방학로 193, 2-203  (방학동, 신동아1단지아파트)",,,011-253-1310
이영효,,/,143-703,서울 광진구 자양로 167  (구의동) ,,02)457-0440,
이오선,,/,100-453,"서울 중구 다산로 32, 34-304 (신당동, 남산타운아파트)  ",,02)2235-5506,
이용선,29,/,132-022,서울 도봉구 도당로13바길 59-3  (방학동) ,,02)955-6373,
이용채,29,/41,142-878,서울 강북구 수유3동 684-95,,02)906-5686,017-206-9858
이용호,29,/,472-880,경기도 낭양주시 오남읍양지리 247,,031)573-8304,
이윤순,29,나주/51,152-828,서울 구로구 고척로52길 79-8  (고척동) ,,,010-3227-0810
이윤현,29,/,137-951,"서울 서초구 잠원로8길 20, 331-107  (잠원동, 신반포한신19차아파트)",,,011-9494-2022
이익환,29,나주/43,411-747,"경기도 고양시 일산서구 대산로161, 505-501 (문촌마을아파트)","전)연세대문과대
/학장
현)상명여대
/석좌교수",031)917-2315,010-3793-2315
이인수,,/,472-010,경기도 남양주시 금곡동 26효창아파트 1-503,,,011-712-2102
이재권,,/44,420-701,"경기도 부천시 원미구 계남로 106, 412-1506  (중동, 금강마을 주공4차아파트) ",,032)321-4915,010-3390-4915
이재순,,/,425-140,"경기도 안산시 단원구 선부광장북로 67, 228-1507 (선부동, 수정한양아파트) ",,031)482-9689,
이재오,,/,131-220,서울 중랑구 상봉중앙로5다길 44  (상봉동)  ,,070-8956-9936,
이재욱,29,/,156-093,서울 동작구 사당로13길 65  (사당동)  ,,02)573-7816,011-268-5533
이재원,29,     /42,431-076,"경기도 안양시 동안구 부림로 13, 606-303  (평촌동, 꿈마을현대아파트)","전) 
강남경잘서",031)381-6184,010-3481-6184
이재호,31,나주/83,472-756,"경기도 남양주시 오남읍 진건오남로 781-40, 205-1102  (두산아파트)",,,010-8756-6465
이정선,,/,122-899,서울 은평구 연서로 2길 2  (역촌동),,,011-298-3636
이정수,,/,429-900,"경기도 시흥시 월곶중앙로14번길 87, 205-703 (월곶동, 월곶동풍림2차아파트) ",,031)404-4165,
이정오,,/,139-824,"서울 노원구 노원로 564, 1027-1011  (상계동, 상계주공10단지아파트) ",,02)6228-5455,
이정은,30,나주/74,411/747,"경기도 고양시 일산서구 대산로161,  505-501(문촌마을아파트)","워싱턴
주립대학교
사회발전연구
그룹/연구원",001-1-206-851-8317,
이정현,,/,140-902,서울 용산구 두텁바위로38가길 7  (후암동)  ,,02)756-5494,
이정호,31,/,134-780,"서울 강동구 상암로 214, 2-1004  (명일동, 삼익가든아파트)",,02)481-5857,010-5275-7892
이제영,31,나주/82,120-861,서울 서대문구 홍제동 송죽길 34-57,,,010-6290-4524
이종채,29,/,132-810,"서울 도봉구 도봉로 159길 16-3, 3층  (도봉동)",,,011-9745-7400
이주민,31,/,130-775,"서울 동대문구 제기로 129, 106-1201  (청량리동, 한신아파트) ",,02)960-4545,010-3737-9123
이준호,31,/,143-210,서울 광진구 광장동 신동아@ 102-903,,02)466-9787,011-761-0724
이지열,29,나주/21,139-935,"서울 노원구 공릉로 351, 7-203  (하계동, 한신청구아파트)  ",,02)975-6717,011-494-6717
이진현,,/,403-816,인천시 부평구 장제로 221길 15  (부평동) ,,,010-9220-2930
이진호,31,/,120-091,"서울 서대문구 통일로 39가길 57, 107-1503  (홍제동, 현대아파트)",,02)395-3451,
이철현,,/,135-240,"서울 강남구 삼성로 14, 수정사우나 (개포동, 주공아파트)  ",,,011-9030-3388
이태종,,/,135-993,"서울 강남구 개포로 516, 708-201(개포동, 주공아파트) ",,02)347-3357,
이하영,32,/,465-702,"경기도 하남시 역말로 15길 35, 105-2003 (덕풍동, 쌍용아파트) ",,,
이한양,,/,132-746,"서울 도봉구 시루봉로 58, 603-1006  (쌍문동, 한양아파트)",,02)999-1659,
이항복,,/,135-893,"서울특별시 강남구 논현로 160길 21, 301호 (신사동)",,02)514-8906,
이형열,29,나주/33,132-845,서울 도봉구 방학1동 도당로27길 20-6,,02)954-5178,011-335-5178
이형용,30,나주/60,472-756,"경기도 남양주시 오남읍 진건오남로 781-40, 205-1102  (두산아파트) ",,,010-6348-4634
이희숙,29,나주/59,121-842,"서울 마포구 동교로22길 50, 202호  (서교동)",,,010-7586-5236
이희진,29,나주/64,153-861,"서울 금천구 시흥대로14길 29, 다-402호 (시흥동, 백운스위트빌Ⅲ) ",,,011-740-4191
 左尹公派,,,,,,,
성명,세수,본향/생년,                     거주지,,직업,                   연락처,
,,,우편번호,주소,직장/직위,집/직장,핸드폰/ e-mail
이각호,30,태안/62,135-848,"서울 강남구 영동대로71길 18, 201호(대치동, 경남타운) ","㈜현산알엔씨
/대표
(건설,부동산개발)",02)3452-4505,010-3030-3113
이강진,30,태안/59,403-756,"인천시 부평구 세월천로 16, 103-103  (청천동, 청천푸르지오아파트)  ",,,010-5390-1107
이경선,29,창녕/62,443-270,수원시 영통구 이의동 광교웰빙타운호반베르디움아파트8707-603,"서울초등학교
/교감",031)206-5166,010-5438-5166
이기만,30,논산/52,121-894,"서울 마포구 양화로7안길 26, 502호  (서교동, 사이언스벨리) ","한국플라스틱
기술정보센타
/대표",02)338-6578,010-3793-0087
이기목,30,서울/64,151-869,서울 관악구 관천로 29  (신림동) ,,02)863-5400,010-2464-5657
이기선,30,서울/73,135-537,"서울 강남구 남부순환로 2803, 108-503  (도곡동, 삼성래미안아파트) ","고려대학구로
병원/치과의사",,
이기안,30,논산/59,135-775,"서울 강남구 남부순환로 3032, 102-203  (대치동, 미도아파트) ","한국리미트로크
㈜/ 부사장",02)552-9411,010-6289-2411
이기영,30,대전/52,463-914,"경기도 성남시 분당구 불정로 219, 109-1001 (정자동, 한솔마을청구A)","임가공업체/
대표",031)713-6822,010-6230-7980
이기오,30,논산/71,138-908,서울 송파구 잠실2동잠실엘스@101-1001,인텐시보/대표,070-2857-4979,
이기우,29,태안/62,131-774,"서울 중랑구 신내로7가길 35, 102-604  (상봉동, 동부아파트)",티타대우상용차부품대리점,02)6451-4288,010-8484-7000
이기욱,29,태안/57,448-990,"경기도 용인시 수지구 풍덕천로 75, 611-204  (풍덕천동, 신정마을상록아파트) ",,,010-5498-0235
이기원,29,태안/44,132-799,"서울 도봉구 도봉로 136길 111, 206-903 (창동, 창동2차현대아파트) ","전)상업은행
      /지점장",,010-9918-5635
이기중,30,논산/62,110-861,서울 종로구 지봉로 17길 19  (창신동),육사41기 /육군대령/계룡대근무,,010-5072-8776
이기창,30,논산/49,150-851,서울 영등포구 신길로17길 20-8  (신길동),  정우원색/대표,02)848-5504,010-4456-3321
이동열,28,태안/52,157-852,서울 강서구 방화대로23길 70  (방화동),,,010-4151-6094
이동호,31,논산/65,410-837,"경기도 고양시 일산동구 중앙로1275길 38-10, 442호  (장항동, 우림로데오스위트) ",도만스쿨/대표,,010-5275-6506
이민호,31,논산/60,415-750,"경기도 김포시 풍무로69길 51, 314-904  (풍무동, 당곡마을월드메르디앙아파트) ","한국GM쉐보레
계양구대리점",,010-5322-3405t
이부호,30,태안/55,130-837,"서울 동대문구 한천로 20, 103호 (장안동, 정연빌딩)  ","㈜부원상사/대표
(대형상용
자동차부품총판)",02)2249-0472,010-5324-0472
이삼열,29,논산/38,151-774,"서울 관악구 성현로 80, 127-201  (봉천동, 관악드림타운아파트)  ","포스코
(정년퇴직)",070-8257-1922,010-3738-1922
이선호,30,태안/61,430-722,"경기도 안양시 만안구 양화로135길 45, 102-302  (박달동, 벽산아파트) ",,,016-348-6321
이세열,29,논산/35,151-869,"서울 관악구 관천로 29, 3층  (신림동)",,02)863-5400,"011-265-5403
"
이수열,28,태안/51,152-795,"서울 도봉구 방학로 193, 17-407 (방학동, 신동아1단지아파트) ","다음까페고성이씨
참사랑까페지기",,"010-
5396-0271
"
이승대,29,창녕/72,120-782,"서울 서대문구 통일로25길 30, 101-903  (홍제동, 한양아파트) ","롯데정보통신㈜
      /개발부
",,010-8502-7070
이승도,29,청도/58,423-052,경기도 광명시 소하2동사서함 1호,육군소장,02)801-6600,010-5073-1792
이승명,29,/,472-501,"경기도 남양주시 별내3로 115, 2809-1803(포스코더샾)",,02)921-6600,017-225-3391
이승보,29,창녕/61,156-807,"서울 동작구 등용로12길 35, 5층  (대방동) ",(주)지아이콘트롤스/대표이사,02)816-6380,010-2298-6380
이승오,29,/41,463-863,"경기도 성남시 분당구 정자일로 248, 602-803  (정자동, 파크뷰) ",,031)783-3191,011-239-1590
이승용,29,창녕/63,156-854,서울 동작구 신대방3길 48  (신대방동),,,010-9270-5396
이승원,29,/,445-989,"경기도 화성시 태안로 46, 302-702  (병점동) ",,,010-7583-5875
이승준,29,창녕/71,430-041,경기도 안양시 만안구 석수1동 대주피오레@102-702,"케논코리아비지니
스솔루션㈜/팀장",070-7526-3553,010-7526-3553
이승호,30,태안/49,138-838,"서울 송파구 백제고분로28길 19-12, 401호  (삼전동, 하림빌리지) ","양봉협회/이사
(양봉업)",,011-235-1040
이실권,28,창녕/32,156-854,"서울 동작구 신대방길 85, 103-1704 (신대방동, 경남아파트) ",,02)843-6363,011-9925-6363
이영조,31,태안/75,440-210,경기도 수원시 장안구 송죽동로얄펠리스 104-1504,,,010-9839-4763
이용호,30,태안/47,423-815,"경기도 광명시 새터로12길 36-19, 가-101  (광명동, 현대빌리지) ",,,010-2081-9457
이우진,30,태안 63,446-913,"경기도 용인시 기흥구 구성3로 65, 301-401  (청덕동, 휴먼시아물푸레마을3단지아파트)  ",,,010-5249-9341
이장호,30,태안/57,136-782,"서울 성북구 보국문로32길 53, 103-1009  (정릉동, 정릉중앙하이츠아파트)  ",,02)6225-6505,
이재열,28,태안/65,121-773,"서울 마포구 새창로8길 72, 212-630  (도화동, 현대2차아파트)  ","전국화물터미널
(물류,이사,운송)",1661-2414,010-4355-2600
이재욱,32,의령/,150-794,"서울 영등포구 국제금융로7길27, 10-1404 (여의도동,삼부아파트) ","서강대학
        / 교수",02)780-9357,011-9111-0919
이재학,32,의령/,135-554,"서울 강남구 언주로30길, G-2304(도곡동타워펠리스)",치과원장,02)2057-5829,010-8909-6829
이재호,30,태안/63,139-768,"서울 노원구 한글비석로 479, 111-1512  (상계동, 보람아파트1단지) ",,,016-779-1691
이정흠,31,논산/52,437-808,"경기도 의왕시 동부시장6길 63, B-301  (내손동, 청계다세대) ","㈜퀀텀에너지
     /무역부장",031)423-4310,010-2203-4554
이제열,28,태안/56,406-756,"인천시 연수구 먼우금로 19, 101-808  (동춘동, 동남아파트) ",,,010-3721-6144
이종린,28,인천/32,138-160,"서울 송파구 동남로18길 44, 7-705  (가락동, 프라자아파트) ",전)건풍제약/회장,02)409-2040,011-9775-2040
이종호,28,창녕/37,120-796,"서울 서대문구 현저동 독립공원길 17, 103-1509 (극동아파트)",,02)6382-5127,010-7156-5127
이종환,28,창녕/41,152-795,"서울 구로구 경인로 343, 107-1401(고척동삼환로즈빌A)","전)법무부교정
기관/기관장",070-7150-3553,010-2703-3552
이종훈,28,안성/,152-723,"서울 구로구 구로중앙로 198, 35-217 (구로동, 현대부동산)  ",,,010-3307-8949
이지은,,/,135-537,"서울 강남구 남부순환로 2803, 108-503  (도곡동, 삼성래미안아파트)","청담중학교
      /과학교사",,010-3646-1138
이진철,31,서울/90,151-869,서울특별시 관악구 관천로 29  (신림동) ,    육군/소위,02)863-5400,010-5027-3112
이창만,31,태안/76,413-798,경기도 파주시 문산읍 당동리현대힐스테이트 201-1202,,,010-7770-8242
이창섭,31,태안/74,423-750,"경기도 광명시 안현로 15, 103-303  (하안동, 하안주공1단지아파트)",,,011-499-4042
이창열,28,태안/59,435-745,"경기도 군포시 고산로 677길 12, 1305-801  (산본동,동백우성아파트)",공군준위복무중,,010-5073-8326
이창열,29,/,122-010,서울 은평구 응암동 614-9,,02)303-2856,
이충열,28,태안/47,157-884,서울 강서구 가로공원로 236-1  (화곡동),,02)2690-3690,010-8227-3607
이태열,28,태안 /62,157-852,서울 강서구 방화대로23길 70  (방화동),,,010-3669-8806
이택남,31,태안/74,403-808,"인천시 부평구 동수천로 85-9, 201호 (부개동, 하이델빌) ",,,010-8959-7380
이현호,30,태안/66,472-810,"경기도 남양주시 순화궁로 18,4105-501(별내동신안인스빌)",경희대학병원,,010-3336-5964
이형기,31,의령/24,150-794,"서울 영등포구 국제금융로7길 27, 10-1404  (여의도동, 삼부아파트)",,02)708-9357,010-5357-3435
이호열,29,논산/31,110-861,서울 종로구 지봉로17길 19  (창신동) ,,02)745-7373,010-6397-0435
이황열,29,논산/41,135-537,"서울 강남구 남부순환로 2803, 110-102  (도곡동, 삼성래미안아파트)",,070-7766-0351,010-7223-7595
  同樞公派,,,,,,,
성명,세수,본향/생년,거주지,,직업,연락처,
,,,우편번호,주소,직장/직위,집/직장,핸드폰/ e-mail
이경배,31,/,150-858,"서울 영등포구 신길 6동
 3583",,,"019-
250-5604"
이경재,30,/,445-736,"경기도 화성시 동탄중앙로 189, 337동802호  (반송동,반도유보라)",,,"010-
6410-7475"
이기동,30,/,476-833,"경기도 양평군 옥천면 용천리
279-3",,,"011-
332-2149"
이기복,30,/,476-843,"경기도 양평군 용문면 중진길
15-1, 가동 501(라이프파크)",,,"010-
3495-1924"
이기철,30,/,435-050,"경기도 군포시 금재로 24,
4층(금정동)",,,"010-
3585-2170"
이동열,29,/,476-843,"경기도 양평군 용문면 중진길
15-1, 가동 501(라이프파크)",,,"010-
3495-1924"
이병기,30,/37,135-785,"서울 강남구 압구정로 113, 22동1602호 (압구정동, 미성아파트)  ","(주)성신
문화인쇄 
/대표
",                                                                                                                                                                                           ,"010-
8757-1081
bklee110@
gmail.com"
이상묵,31,/66,137-929,"서울 서초구 명달로4길 30, 502동905호  (서초동, 서초5차대림 e-편한세상)  ","서울시
/시의원",,"010-
7537-0127"
이상열,29,/54,134-863,"서울 강동구 상암로
28길 23-13  (천호동) ",,,"011-
729-3077"
이석호,33,/,156-815,서울 동작구 동작대로27길 50  (사당동) ,"동아
양복점",,"011-
9127-3536"
이승열,29,/,120-811,"서울 서대문구 수색로 100, 
113-2801(북가좌동,e편한세상)",,,"010-
3400-4942"
이영식,31,/,120-823,서울 서대문구 연희로26다길 34  (연희동) ,"동양전기
/대표","02)
336-5978",
이웅경,32,수원/61,441-819,경기도 수원시 권선구 구운중로11길 32  (구운동),"한국
토지신탁",,"010-
5350-5697"
이윤배,32,,445-894,"경기도 화성시 봉담읍 
분천리",,,"010-
4612-1669"
이종록,,/,406-766,"인천광역시 연수구 원인재로 315, 105동202호  (연수동, 주공1차아파트)  ",,,
이종범,32,/40,135-914,"서울 강남구 봉은사로 30길 31, 401호 (역삼동, 펠리스빌) ",,"02)
539-9913","010-
5594-1538"
이종원,32,/,133-774,"서울 성동구 왕십리로 280, 102동1101호  (행당동, 삼부아파트) ","성신
문화인쇄
       ","02)
2295-4280","011-
737-4281"
이종철,32,/49,156-830,"서울 동작구 매봉로4길 10,  B동101호 (상도동, 롯데파크뷰) 
",,"02)
814-3531","011-
9124-3531"
이창욱,30,/,134-869,"서울 강동구 올림픽로78길 11-29, 302호  (천호동, 다성시티아파트)",,,"010-
8958-4268"
이흥선,29,/,476-802,"경기도 양평군 양평읍 관문길
14, 305호(송이연립)",,,"010-
8874-1844"
 兵使公派,,,,,,,
성명,세수,본향/생년,거주지,,직업,연락처,
,,,우편번호,주소,직장/직위,집/직장,핸드폰/ e-mail
이건배,28,부천/58,422-710,"경기도 부천시 소사구 경인로29길 32-1, 11-902  (송내동) ","국민은행
숭의동지점
/지점장","032)
612-3902","010-
4738-3902"
이관호,31,서울/73,135-919,"서울 강남구 선릉로 423, 101-902  (역삼동, 동부센트레빌)","인문학까페
 /대표",,"010-
4238-5379"
이무록,29,/45,131-207,서울 중랑구 사가정로46길 21-9  (면목동),,"02)
439-8483","011-
892-8476"
이삼도,30,사천/41,445-792,"경기도 화성시 동탄숲속로 68, 874-404(능동, 숲속마을자연앤데시앙아파트)",,"031)
8015-2552","010-
8860-0747"
이성도,31,산청/,135-521,"서울 강남구 광평로31길 27,
105-901(수서동,삼성아파트)",,,"010-
6201-3451"
이승국,32,거창/52,136-860,"서울 중랑구 봉우재로
19길 43  (상봉동)  ",,"02)
432-3588","010-
8944-8953"
이애자,30,/38,122-030,서울 은평구 연서로26길 4-11  (대조동),"전) 
초동학교
/교장","02)
381-1491",
이영규,30,산청/35,423-801,"경기도 광명시 광일로30길 11, 201호  (광명동, 선문하이츠)  ","용헌종중
   /종무간사","02)
833-1929","010-
4318-0001
yulroo35@
daum.net"
이영진,31,산청/,158-846,"서울 양천구 지양로 33,14-1003 (신월동,신영A)
",,,"010-
4776-3058"
이완인,32,거창/,448-752,"용인시 수지구 정든로 22, 
905-504 (죽전동,도담마을죽전파크빌아파트)",,"031)
272-9878","010-
5366-7830"
이원석,30,서천/39,157-895,"서울 강서구 초록마을로7길 2  (화곡동, 상록수주택) ",,"02)
2603-4486",
이윤배,28,부천/60,135-969,"서울 강남구 삼성로 212, 15-1109 (대치동, 은마아파트) ","포스코A&C
/실장","02)
539-1019","010-
6363-1050
lyb@
poscoanc.com"
이현영,31,산청/,420-723,"경기도 부천시 원미구 중동로
187, 1210-701(중동,무지개아파트) ",,,"011-
354-9358"
  㕘判公派 ,,,,,,,
성명,세수,본향/생년,거주지,,직업,연락처,
,,,우편번호,주소,직장/직위,집/직장,핸드폰/ e-mail
이강희,30,안동/61,402-205,"인천시 남구 주안5동 
연흥@ 104호",,"032)
876-6759","011-
270-0452"
이건형,31,안동/68,445-160,"경기도 화성시 동탄반석로 39, 104-201  (반송동, 신도브레쥬아파트)  ",삼성반도체,"031)
8050-9378","017-
249-9378"
이건형,31,안동/53,135-989,"서울 강남구 개포로 623, 1503호 (개포동, 매청타워) ","NEXIA 
STONE","02)
3413-6131","017-
9712-0508"
이건형,31,안동/52,110-999,"서울 종로구 새문안로 92, 2323호  (신문로1가, 광화문오피시아빌딩)",,,"010-
5061-7885"
이경윤,33,  안동 /82,476-802,"서울 도봉구 노해로 70길
19, 1904동214호 (창동주공아파트)","삼성테크윈
판교R&D센타","02)
907-5109","010-
3489-5106"
이경준,,청도/,100-450,"서울 중구 다산로24가길 7-15
(신당동)",,,
이경형,31,청도/46,151-892,"서울 관악구 신림동5가길 9, 601호  (신림동, 서영오피스텔)","서영오피스텔
/대표","02)
876-2080","011-
413-2090
kh461020@
hanmail.net"
이계형,30,안동/79,136-767,"서울 성북구 보국문로30길 15, 103-1504  (정릉동, 정릉대우아파트) ",,,"010-
9389-2026"
이관형,31,/73,152-752,"서울 구로구 경인로 382, 105-2105  (개봉동, 한마을아파트)","대지포장
건설㈜",,"010-
4384-7193
timeki1125@
naver.com"
이광홍,29,청도/40,135-919,"서울 강남구 테헤란로 52길 16, 104-1201(역삼동, 테헤란아이파크)","관촌실업㈜
      /대표이사","02)
557-8727","010-
5219-8463
kwanchonzu
@hanmail.net"
이국형,31,밀양/57,135-877,"서울 강남구 삼성로 111길8,
201-1204(삼성힐스테이트)","이화요업㈜
/대표이사","회사 02)
555-1941","010-
8665-6007"
이국형,31,/54,411-744,"경기도 고양시 일산서구 
강선로 71, 709-1004 (주엽동, 강선마을7단지아파트)  ",,,"010-
8766-6209"
이국형,31,안동/40,132-011,서울 도봉구 시루봉로23다길 3-8  (도봉동) ,,"02)
954-4136","010-
7266-4952"
이귀영,31,창녕/67,110-012,"서울 종로구 평창동 
극동빌리지 504-201","대학입시학원
/원장",,"010-
3643-1158"
이규동,30,청도/74,135-805,"서울 강남구 개포1동 
개포주공1단지A 26-403","동화약품㈜
/과장","02)
408-0823","010-
5480-2735"
이규동,30,청도/,132-815,"서울 도봉구 도봉로183길 21-5, 4-301  (도봉동, 정원휴먼빌)",,,
이규용,32,안동/46,143-831,"서울 광진구 아차산로58길 77, 3-106  (구의동, 한양자양빌라) ",,,"010-
8955-3728"
이규형,31,밀양/54,138-788,"서울 송파구 양재대로 1218  (방이동, 올림픽선수촌아파트) ","㈜베미온
/대표이사",,"010-
5263-3635
kyuhli@
naver.com"
이근용,32,안동/53,410-757,"경기도 고양시 일산동구 고풍로 72-11, 202-1204  (풍동, 성원아파트) ",,"031)
905-5973","019-
230-1434"
이근화,32,안동/33,330-838,"충남 천안시 동남구 안서1길 5-16, 101-601  (안서동, 고운여의주아파트)",,"041)
565-1579","010-
5510-1935"
이기동,30,청도/51,110-745,"서울 종로구 성균관로25-2
(성균관대학교)","성균관대학교
대학원/원장","02)
760-0114
(학교)",
이기승,29,창녕/55,472-010,"경기도 남양주시 금곡동
명지(A) 101-1205","고려아연
/비상기획관",,"010-
9035-4982"
이기용,32,안동/56,138-941,"서울 송파구 충민로 152, 305-1304  (장지동, 송파파인타운3단지)",한솔신택/상무,"02)
555-3861","010-
6203-4430
hi07205@
hanmail.net"
이길형,31,안동/56,138-704,"서울 송파구 송파대로 359, 79-103  (가락동, 가락시영아파트)  ",,"02)
449-8387","011-
711-5538"
이달현,33,안동/67,156-761,"서울 동작구 여의대방로44길 10, 106-602 (대방동, 대림아파트)  ",,"02)
823-4301","010-
9023-9588"
이대형,31,안동/36,448-737,"경기도 용인시 수지구 성복2로76번길 31, 109-401 (성복동, 대우푸르지오아파트) ","전)용헌종중
/회장","031)
897-6042","011-
210-6040"
이대형,31,청도/78,157-796,"서울 강서구 강서로 266, 142-304  (화곡동,우장산아이파크이편한세상A) ","현대기아차
연구개발총괄
본부/연구원","031)
368-3424",
이대형,31,밍양/54,135-820,"서울 강남구 언주로146길 18, 5-506  (논현동, 동현아파트) ",서이무역㈜,"02)
559-3706","010-
3668-4871"
이대형,31,안동/61,426-855,"경기도 안산시 상록구 예술대학로7길 5, 204호  (월피동) ",,"031)
410-3260","010-
3023-3264"
이대희,30,밀양/,142-751,"서울 강북구 오패산로30길 30, 110-2002  (미아동, 경남아너스빌아파트) ",,,
이덕형,31,안동/66,138-780,"서울 송파구 한가람로16길 7, 103-105  (풍납동, 동아한가람아파트) ","서울대학병원
/기조실","02)
6082-4650","019-
266-2144"
이도현,33,안동/49,135-877,"서울 강남구 학동로68길 29, 106-1802  (삼성동, 삼성동힐스테이트1단지아파트) ",,"02)
591-1091","011-
744-4634"
이도현,29,안동/60,404-823,"인천시 서구 서달로 91-4, 1-214  (석남동, 롯데우람A) ","도경원색
/대표","032)
579-1791","011-
9704-4242"
이도형,31,안동/31,446-930,"경기도 용인시 기흥구 연원로 5, 106-404  (마북동, 연원마을엘지자이아파트) ",,,"010-
5561-6707"
이동건,30,안동/49,137-044,"서울 서초구 반포4동 삼창
골프빌리지@ 105-353","대일무역
/대표","02)
593-2061",
이동관,30,안동/73,131-821,"서울 중랑구 동일로92길 40-14  (면목동)
",K.T/과장,"02)
491-9033","010-
3010-1908
girlffoe@
naver.com"
이동교,30,안동/49,110-819,서울 종로구 창의문로3길 31  (부암동)  ,,"02)
394-5895","016-
222-5895"
이동국,30,청도/49,463-731,"경기도 성남시 분당구 판교로 430, 302-1202  (이매동, 아름마을태영아파트) ","전)
귀뚜라미
보일러/회장","031)
707-5006","010-
4741-0039"
이동군,30,안동/67,321-759,"충남 계룡시 신도안면 신도안1길 50, 203-104  (계룡대A)",육군대령,,"010-
5075-5068"
이동권,30,청도/,135-783,"서울 강남구 광평로51길 49, 112-703  (수서동, 주공아파트)",,"02)
459-4221","010-
9234-1499"
이동근,30,밀양/36,132-791,"서울 도봉구 노해로 69길103
, 105-902(창동,동아청솔아파트)",,"02)
995-1347","010-
2408-1347
dlee1024@
naver.com"
이동근,30,창녕/83,138-806,서울 송파구 송이로26길 16-60  (가락동) ,,,"011-
768-3811"
이동근,30,창녕/72,136-825,"서울 성북구 성북로8길 50, 102-102  (성북동, 남경빌라) ","한국휴렛
펫거드(유)
/차장","02)
2199-0753","010-
9945-0783"
이동대,30,안동/43,135-856,"서울 강남구 언주로30길 56, A-3404  (도곡동, 타워팰리스)","대일이화학㈜
/회장","02)
3462-2344","011-
269-9234"
이동문,30,청도/66,121-888,"서울 마포구 양화로 19
(지번/합정동 471)LIG빌딩
15층 동교지점",,,"010-
9081-4758"
이동범,30,안동/65,137-829,"서울 서초구 동광로1길 25, 302호  (방배동) ",,"02)
6082-3754","011-
217-3817"
이동산,30,안동/38,135-966,"서울 강남구 개포로 310, 71-301 (개포동, 개포주공1차아파트)  ",,"02)
572-6195","010-
9176-5195"
이동삼,30,안동/43,134-799,"서울 강동구 고덕로 130, 109-1001  (암사동, 프라이어팰리스아파트)",,"02)
441-3725","010-
5348-3729"
이동선,30,안동/43,407-820,"인천시 계양구 효서로282번길 4, 302호  (작전동, 벧엘하이츠빌라) ",,"032)
546-2062","010-
9257-0199"
이동안,30,군위/45,138-768,"서울 송파구 중대로 24, 204-906  (문정동, 올림픽훼밀리타운)  ",,"02)
430-9680","010-
9410-5834
dongdn45@
naver.com"
이동업,30,안동/71,134-843,"서울 강동구 양재대로101길 51-8, 104-503  (성내동, 우성아파트)",,"02)
482-6693",
이동열,30,청도/,137-899,"서울 서초구 동산로10길 59, 301호  (양재동, 청명아트빌리지)  ",,,"010-
2289-3003"
이동엽,30,청도/74,137-841,"서울 서초구 서초대로 142, 102-1001  (방배동,  황실자이아파트)","참포도나무
병원/원장
(척추,관절,통증) ","02)
3472-5025","010-
8924-5392
dylee1026
@gmail.net"
이동엽,30,안동/43,423-812,"경기도 광명시 광오로16번길 4, 103-1203  (광명동, 중앙하이츠빌라)",,,
이동영,30,청도/,135-827,"서울 강남구 강남대로116길 11, 502호  (논현동,남강빌라)  
",,"02)
546-6427","010-
9910-6427"
이동우,30,안동/48,423-710,"경기도 광명시 광오로16번길 4, 103-1203 (광명동, 중앙하이츠빌라)",,"02)
2682-1767","011-
279-7696"
이동우,30,창녕/33,156-090,서울 동작구 사당로2라길 15  (사당동),"동성기업사
/대표","02)
584--5958","010-
6275-5958"
이동욱,30,청도/88,420-803,"경기도 부천시 원미구 삼작로268번길 63-20, 702호  (도당동, 경동장미아파트) ","인천대학
/재학",,
이동욱,30,안동/47,143-758,"서울 광진구 아차산로 262,  A- 4705 (자양동, 더샵스타
시티)  ","유성집
(노원경찰서 뒤)","02)
3491-3492","011-
479-3755"
이동원,30,밀양/30,135-958,"서울 강남구 학동로 609,
13-601(청담동, 삼익아파트)","이화요업㈜
/회장","회사 02)
555-1941","010-
3746-3100"
이동원,30,함양/57,151-761,"서울 관악구 신림로 29길 3-20, 107-905 (신림동, 현대아파트)","㈜솔레오
/대표이사","02)
885-7258","010-
3719-2501
donglee40@
naver.com"
이동윤,30,안동/39,151-876,서울 관악구 조원로17길 14  (신림동),,"02)
856-9361","018-
310-9361
ldy0316@
hanafos.com"
이동은,30,청도/73,156-787,"서울 동작구 여의대방로 28, 106-1801 (신대방동 현대아파트)","대외경제연구원
/거시경제팀장",,"010-
8328-8218
derhee@
gmail.com
"
이동익,30,안동/40,110-040,"서울 종로구 필운대로 56  
(통인동)  ","현)유천서실
전)국전서예심사위원장","02)
730-6667
02)
735-5155","010-
8754--6565"
이동인,30,청도/,445-753,"경기도 화성시 반송동 나루
마을월드메르디앙@636-703",삼성전자,,"010-
9125-6490"
이동인,30,안동/45,136-767,"서울 성북구 보국문로30길 15, 103-1504  (정릉동, 정릉대우아파트) ",,"02)
919-2498","010-
2929-6378"
이동일,30,안동/43,423-710,"경기도 광명시 광명7동 
중앙하이츠 103-1203",,"02)
2682-1767","011-
687-1767"
이동재,30,안동/61,100-856,"서울 중구 동호로25길 27, 301호  (장충동2가) ","㈜우주
일렉트로닉스
경영지원본부장상무","031)
346-1003","010-
9323-2088"
이동제,30,안동/48,422-811,"부천시 소사구 소사본3동
 142-25",,"032)
349-7184","010-
5285-7184"
이동제,30,안동/65,136-130,서울 성북구 화랑로1길 54-6  (하월곡동)  ,,"02)
942-4035","010-
9136-4035"
이동주,30,밀양/80,120-810,서울 서대문구 증가로21길 37-9  (북가좌동)  ,"SK케미칼
연구소/대리","02)
2008-7823","010-
2064-0778
icart80@
naver.com"
이동준,30,안동/71,131-823,"서울 중랑구 동일로101길 48, 3층  (면목동)",커피전문점,"02)
491-9033","010-
8166-3579"
이동진,30,안동/48,156-060,"서울 동작구 노량진로32길 156, 102-1101  (본동, 경동윈츠리버아파트)  ","광복회서울시
동작구지회장","02)
826-3376","010-
6208-3376"
이동진,30,청도/80,157-751,"서울 강서구 허준로 121, 106-1402 (가양동, 대림경동아파트)  ",C.J그룹/과장,"02)
3664-5639",
이동진,30,안동/55,420-843,"경기도 부천시 원미구 옥산로7, 리젠시아중동 B-4803","동진가정의학과
의원/원장","032)
321-9465","010-7227-9465
dj21367@
naver.com"
이동창,30,   /31,463-751,"경기도 성남시 분당구 불정로 179, 208-201  (정자동, 정든마을동아2단지아파트) ",,"031)
605-1926","011-
355-6058
ldc11222@
naver.com"
이동태,30,안동/52,140-899,"서울 용산구 두텁바위로61길 10, 102호 (후암동, 나오스빌) ",,"02)
777-6334","011-
274-6334"
이동혁,30,안동/30,142-804,서울 강북구 도봉로10다길 12-14  (미아동) ,,"02)
980-8496","019-
291-8496"
이동형,31,밀양/54,138-771,"서울 송파구 오금로31가길20,
3-1003 (방이동,대림가락A)",,,"010-
2310-1988"
이동형,30,안동/60,472-854,"경기도 남양주시 오남읍 진건오남로 564, 105-1204  (유호아파트) ","여의도
우체국","031)
575-1621","011-
782-1621"
이동호,30,안동/67,135-858,"서울 강남구 논현로 213, 102-304 (도곡동, 역삼럭키아파트)  ",,,"016-
203-9176"
이동흡,30,청도/50,138-740,"서울 송파구 오금로35길 17  25-301(오금동, 현대아파트) ","전)헌법재판소
/재판관 역임",,
이동휘,30,안동/63,157-220,"서울 강서구 방화동
마곡푸르지오@ 105-806","유진
투자증권","02)
3661-9171","011-
9171-1187"
이동희,30,밀양/54,156-727,"서울 동작구 신대방길 85, 103-1801  (신대방동, 경남아파트) ","이동희
사진실","02)
832-1007","011-
301-1122"
이두형,31,밀양/51,137-764,"서울 서초구 반포대로 275, 119-2902  (반포동, 래미안퍼스티지아파트)","리무역
/대표","02)
536-8714","010-
3737-4871
djlee@
lee-co.co.kr"
이두형,31,청도/,463-786,"경기도 성남시 분당구 내정로 55  (정자동, 상록마을우성아파트)  ",세무사,,"011-
733-4680"
이두화,32,안동/30,156-761,"서울 동작구 여의대방로36길 29, 111-904  (대방동, 대림아파트) ",,"02)
816-9588","011-
294-9588"
이두희,30,안동/65,130-782,"서울 동대문구 한천로 246, 110-2003  (휘경동, 주공아파트)    ",동화제약,"02)
2247-3875","010-
3261-3875"
이만영,31,안동/40,464-862,"경기도 광주시 초월읍 진새골길 44, 가-103  (산내마을, 산내빌라)",,,"010-
9922-0271"
이만용,32,안동/37,446-940,"경기도 용인시 기흥구 보정로 30, 110-1101  (보정동, 동아솔레시티아파트)  ",,"031)
272-0708","010-
6265-8668"
이만용,32,안동/58,138-854,"서울 송파구 가락로28길 3-10, 2층  (송파동) ","안동
귀래정주손",,010-9924-8580
이명기,,청도/,133-733,"서울 송파구 올림픽로35가길 11, 526호(신천동,한신잠실코아)","전)법무부
/이사관","02)
412-6595",
이명환,29,창녕/40,134-885,"서울 강동구 성안로3길 11  
(성내동, 아미스빌딩)","아미스코리아
/대표","02)
485-1717","011-
256-5420
www.amis
korea.com"
이무기,27,청도/,443-737,"경기도 수원시 영통구 영통로 460, 306-703  (영통동, 청명마을3단지아파트) ",,,"011-
243-0379"
이무주,30,/,138-700,"서울 송파구 석촌호수로 169, 128-1102  (잠실동, 레이크팰리스)",,"02)
417-2725","016-
258-1725"
이무형,31, 안동 /61,138-754,"서울 송파구 오금로 432, 9-201 (가락동, 삼환가락아파트) ","한국지역
난방공사/재무처","02)
6423-8965","010-
4719-8965"
이무형,31,안동/66,431-724,"경기도 안양시 동안구 범계
동 목련우성@ 505-305","한국산업
개발㈜/부장","031)
385-2798","010-
7209-0451"
이문구,31,창녕/61,415-761,"경기도 김포시 월곶 
김포대학로 97","김포대학교
IT정보공학과
/교수","031)
999-4660","019-
386-4407
yeon0330@
kimpo.ac.kr"
이문현,33,안동/47,135-508,"서울 강남구 삼성로 649, 3-507(삼성동, 상아아파트)",,"02)
3426-4044","010-
6215-0040"
이문형,31,안동/62,463-902,"경기도 성남시 분당구 양현로 220, 1110-102  (이매동, 이매촌삼환아파트)  ",,"031)
706-9032","010-
3390-0032"
이미란,,청도/,136-775,"서울 성북구 동소문로34길 24, 101-919 (돈암동, 삼성아파트) ",,,"010-
9397-9479"
이미랑,,청도/,135-210,"서울 강남구 헌릉로745길 25, A-325 (율현동) ","강남중고
자동차매매",,"010-
3755-3799"
이미숙,,청도/,137-818,"서울 서초구 동작대로 52, 4층  (방배동)",,,"010-
2266-9407"
이민형,31,안동/79,410-821,"경기도 고양시 일산동구 
식사동 1209",,"031)
958-5946","017-
311-0311"
이민형,31,안동/66,135-505,"서울 강남구 남부순환로 2803, 617-902  (도곡동, 삼성래미안아파트)  ",,"02)
574-4272","011-
9006-3170"
이민형,31,안동/55,137-945,"서울 서초구 남부순환로 2183, 202-1301  (방배동, 방배래미안타워)  ",,"02)
525-8932","019-
306-8932"
이범기,27,청도/,462-811,"경기도 성남시 중원구 상대
원동 1749-101",강남부동산,,"010-
3780-7117"
이범증,33,안동/44,136-784,"서울 성북구 장월로1길 28,  110-204(상월곡동, 동아에코빌아파트) 
 ","전) 
중앙고/교장
","02)
909-6705","010-
9311-6705
44lbj@
hanmail.net"
이병택,31,청도/62,427-731,"경기도 과천시 별양로 85, 402-1508  (별양동, 주공아파트)  ",,"02)
507-5870","010-
4450-3813"
이병희,31,밀양/,140-900,서울 용산구 후암로25길 13  (후암동)  ,,,"011-
9719-3404"
이봉희,31,청도/,138-240,"서울 송파구 올림픽로 295, 잠실빌딩 14층 삼우설계 
 (신천동)",삼우건축설계,,"011-
319-1959"
이부형,31,안동/65,435-748,"경기도 군포시 산본천로 119-9, 1101-1501 (산본동, 주공11단지아파트) ",,"031)-
391-5358","010-
3104-5358"
이삼화,32,안동/44,150-818,서울 영등포구 디지털로64길 11-4  (대림동) ,,,"010-
9222-5926"
이상구,30,안동/39,463-777,"경기도 성남시 분당구 중앙공원로 20, 426-2002  (서현동, 시범단지현대아파트)   ",,"031)
702-2952","010-
9003-2952"
이상근,30,안동/50,158-052,"서울 양천구 목2동 2352
삼성파크 301호",,"02)
2649-2257","011-
736-2002"
이상근,30,합천/58,130-765,"서울 동대문구 이문2동 
쌍용@ 108-202","엘케이
정보통신/대표","
","010-
3210-1321
maint8517@
naver.com"
이상명,30,안동/53,139-898,"서울 노원구 덕릉로 780, 102-1904  (상계동, 동아불암아파트)","상명
고등학교","02)
952-7015","010-
6335-7029"
이상문,30,안동/39,440-819,"경기도 수원시 장안구 정조로921번길 22,  1-306  (영화동, 공우아파트) ",,"031)
242-2224","017-
702-2224"
이상수,34,안동/72,437-740,"경기도 의왕시 왕곡로 593, 202-501  (왕곡동, 인스빌아파트2단지) ","서울중앙지검
특수2부","031)
429-0609","016-
705-7585"
이상열,29,,134-863,서울 강동구 상암로28길 23-13  (천호동) ,,,"011-
729-3077"
이상엽,30,안동/69,135-544,"서울 강남구 개포로109길 5, 211-902 (개포동, 대치아파트)   ",,,"011-
271-5799"
이상욱,30,창녕/66,137-895,"서울 서초구 양재2동 272-3
501호",,,"010-
3898-9772"
이상욱,30,안동/35,440-801,"경기도 수원시 장안구 송원로23번길 35, 10-101  (송죽동, 한중빌라)  ","전)
한국전력","031)
244-3220","010-
5755-3220"
이상윤,30,안동/47,151-821,"서울 관악구 보라매동
675-14 궁전빌라 201호",동원과학,"직02)
2272-7371",
이상윤,30,안동/69,138-240,"서울 송파구 올림픽로 397, 8-105 (신천동, 진주아파트)  ",,"02)
408-8399","010-
6789-5799"
이상태,30,안동/47,472-735,"경기도 남양주시 와부읍 덕소로 274, 104-201  (한강우성
아파트)",,"031)
573-8288","016-
838-7600"
이상현,33,안동/64,156-761,"서울 동작구 여의대방로36길 29, 111-904  (대방동, 대림아파트)",,,"010-
6236-9588"
이상형,31,안동/48,435-756,"경기도 군포시 오금로 34, 381-1804  (금정동, 삼익소월아파트)  
",,"031)
302-1638","010-
3373-1530"
이상형,31,안동/79,422-826,"경기도 부천시 소사구 소사
본3동 142-25",,,"016-
622-7738"
이상호,30,안동/43,151-821,"서울 관악구 당곡2길 17 
 (봉천동)",,"02)
882-8600","017-
277-4416"
이상훈,32,안동/71,133-785,"서울 성동구 금호로 15, 107-903  (금호동4가, 서울숲푸르지오아파트) ","LG HS AD
/국장","070-
6238-0717","019-
243-0692
savelion@
yahoo.com"
이상희,30,청도/38,135-743,"서울 강남구 영동대로 640, 103-1601  (삼성동, 현대아이파크사우스윙)","전)과학기술처
/장관
현)녹색삶지식경제연구원/이사장","02)
549-0337","010-
9000-4284
rheeshph@
gmail.com"
이석경,28,청도/48,437-807,"경기도 의왕시 내손중앙로
11, 1110-2304
(내손동,e편한세상)","㈜휘츠
엔지니어링
건축사무소
/대표","02)
6674-3690
031)
421-4667","010-
8399-8630
skms@
paran.com"
이석경,,청도/,151-130,"서울 구로구 천왕로56, 
307-1208(천왕동,이펜하우스)",,,"010-
2726-5499"
이석곤,,청도/,137-846,"서울 서초구 방배중앙로7길
41-18, 201호(방배동, 미주빌라)",,"02)
833-3676",
이석구,,청도/,137-773,"서울 서초구 사임당로169, 3-502(서초동,우성아파트)",,"02)
3472-2558","010-
3707-5531"
이석대,,청도/,143-912,"서울 광진구 면목로 7길 42-4
(중곡1동)",,,
이석대,28,청도/52,410-721,"경기도 고양시 일산동구 강촌로 166,  904-502 (백석동, 백송마을9단지아파트)  ",,,"010-
3388-6273"
이석도,28,청도/54,137-896,"서울 서초구 양재2동 
312-1 메트로@ 101","전)우리은행
/지점장","02)
584-1076","010-
3728-1045
leeseokdo@
hanmail.net"
이석명,28,청도/49,420-807,"경기도 부천시 원미구 정주로34번가길 20, 103호  (도당동, 루다아파트)  ",,"032)
676-8656","010-
2218-8656"
이석수,28,안동/60,157-774,"서울 강서구 양천로75길 57, 103-1307 (염창동, 현대1차
아파트)  ","이석수세무회계
사무소/세무사","02)
3665-0829","010-
3756-7071
lsstax@
hanmail.net
"
이석용,,청도/,412-220,"경기도 고양시 덕양구 화신로 168, 2113-1503 (행신동, 햇빛마을21단지) ",,,
이석용,32,안동/78,135-786,"서울 강남구 압구정로 151, 101-705  (압구정동, 현대
아파트) ","골드만삭스/
       부장",,"010-3895-5553
lee.seokyong@
gmail.com"
이석원,,청도/,132-746,"서울 도봉구 시루봉로 58,
604-805(쌍문동,한양6차)",,"02)
907-4654","010-
7511-4654"
이석준,,청도/,133-782,"서울 성동구 독서당로 343,
101-1204(금호동,삼성래미안)",,"02)
2297-0161","010-
3724-7159"
이석태,,청도/,139-800,"서울 노원구 노원로32길
43 (상계동)",,"02)
937-0672","010-
7200-3728"
이석호,,청도/,425-838,"경기도 안산시 단원구 신각길 44, 204-1303  (신길동, 안산신길온천역휴먼빌2차아파트) ",,,"010-
2289-7063"
"이선용
(주한)",32,안동/59,143-751,"서울 광진구 아차산로 552, 16-804 (광장동, 극동아파트) ","한국산업안전
보건공단/팀장","02)
415-9130","011-
446-5097
lsy01@
kdsha.net"
이선형,31,안동/39,443-804,"경기도 수원시 영통구 동수원로 316, 8-104  (매탄동, 임광아파트) ",풍광직물,"031)
222-4976","011-
729-4976"
이성동,30,청도/72,135-795,"서울 강남구 도곡로43길 21, 101-2001  (역삼동, 래미안그레이튼)","나라신용
정보㈜/과장","02)
557-1713","010-
6251-1713
patentdong
@naver.com"
이성준,29,창녕/50,135-875,"서울 강남구 테헤란로79길42,
101-302 (삼성동, 삼성오네트아파트)","㈜삼보기업
/대표이사",,"010-
4554-3033
(부인) 010-
7271-8063"
이성준,32,밀양/81,137-930,"서울 서초구 신반포로 270, 107-702  (반포동, 반포자이아파트)  ","삼일회계법인
/회계사",,"010-
9434-4109
sungjun81
@gmail.com"
이성형,31,군위/68,463-832,"경기도 성남시 분당구 장안
로67(분당동, 두산빌라)",,,"011-
811-0067"
이수연,32,밀양/80,135-820,"서울 강남구 언주로146길 18, 5-506  (논현동, 동현아파트) ",,"02)
503-4441",
이수용,31,밀양/83,425-804,"경기도 안산시 단원구 보화로 15, 402호  (고잔동)  ","서울랜드
/기계주임",,"010-
8824-4207"
이수정,,청도/,464-723," 경기도 광주시 태봉로 48, 505-103 (태전동, 성원아파트)  ",,,"010-
3755-8284"
이수정,,청도/,134-817,"서울 강동구 풍성로65길 82-14, 401호(둔촌동,일자빌라)",,,
이수현,33,안동/69,411-762,"경기도 고양시 일산서구
가좌동 대우푸르지오 211-505","국민은행
/과장","031)
921-4576","010-
2054-4576"
이수형,31,안동/58,440-847,"경기도 수원시 장안구 송정로187번길 54-15, 나-101  (조원동, 현진빌라) ",,"031)
256-9461",
이숙형,31,안동/72,445-810,"경기도 화성시 동탄읍
동탄신도시 시범타운
월드반도@ 337-802",,"031)
613-0655","010-
2818-9085"
이승각,29,안동/38,135-836,"서울 강남구 삼성로 151, 6-704 (대치동, 선경아파트)","전)쌍용제지
/전무","02)
558-2770","011-
701-2771"
이승갑,29,/,135-858,"서울 강남구 논현로 213, 
102-1203 (도곡동, 역삼럭키
아파트)  ","화성합섬㈜
      /대표이사","02)
3463-2070",
이승건,29,청도/56,135-816,"서울 강남구 도산대로 206
(논현동 59-5) 진성빌딩2,3층","에피파니치과
의원/대표원장","02)
3444-8575","010-
3721-9077
trekkerlee@
naver.com"
이승건,29,안동/49,443-710,"경기도 수원시 영통구 권광로260번길 36, 130-2402 (매탄동, 매탄현대힐스테이트) ",,,"011-
9789-2603"
이승걸,29,청도/46,135-928,"서울 강남구 논현로72길 33, 501호  (역삼동) ",,,"010-
3499-5005"
이승곤,29,청도/37,138-851,서울 송파구 백제고분로44길 19  (송파동)   ,"전)외교안보
연구원장","02)
424-6484",
이승곤,29,/,448-723,"경기도 용인시 수지구 상현로 58, 253동 401호 (상현동, 금호베스트빌2차아파트) ",,,
이승관,29,창녕/46,138-863,서울 송파구 석촌호수로12길 31  (잠실동)  ,"육군대령(예)
전)레이크힐스
골프엔리조텔/
사업부총괄사장","02)
415-6999","017-
288-8708"
이승광,29,안동/62,480-071,"경기도 의정부시 신곡1동
한양@ 102-1603","건축설비업
/대표","031)
879-3833","011-
9832-8170"
이승교,29,창녕/33,140-210,"서울 용산구 독서당로34길 22, 2-302  (한남동, 한남시범
아파트) ",,,"010-
7650-8739"
이승교,29,청도/,482-862,"경기도 양주시 은현면 
양연로 182번길 137 ",,"070-
8231-1414",
이승구,29,청도/,100-052,"서울 중구 퇴계로 100, 스테이트타워 8층(법무법인세종)","전)서울서부
지검장
현)장법무법인
세종/변호사",02)316-4114,
이승국,29,밀양/52,137-907,"서울 서초구 나루터로 4길28,
304-1107(잠원동,신반포아파트)",,,"010-
4250-2867"
이승국,29,청도/66,446-741,"경기도 용인시 기흥구 덕영대로2077번길 18, 202-204  (영덕동, 청현마을신일아파트) ","씨너텍코리아
/대표","031)
302-8579
031)
695-6855","010-
3892-8579
sklee@ceno
tech.co.kh"
이승국,29,청도/53,138-748,"서울 송파구 동남로 225, 105-1801 (가락동, 래미안파크
팰리스) ","㈜동현TNS
/대표이사","02)
415-7196","010-
3737-7185
dhicoltd@
hotmail.net"
이승국,29,안동/60,130-821,"서울 동대문구 무학로20가길 6, 201호  (용두동) ",,,"010-
8843-0749"
이승규,29,창녕/48,152-774,"서울 구로구 신도림로 16,
501-2004(신도림동,대림A)",,"02)
2676-3073","010-
3501-7643"
이승규,29,청도/,151-755,"서울 관악구 관악로 304, 104-905(봉천동,관악현대아파트)",,,"011-
313-7388"
이승권,29,안동/66,431-806,"경기도 안양시 동안구 관평로358번길 35, 202호  (관양동, 아리랑1차아파트) 
",,"031)
385-4065","016-
795-4065"
이승근,29,안동/55,435-707,"경기도 군포시 산본천로 12,  621동2501호(산본동, 을지
아파트) ","관세청
군산지청장",,"010-
8387-4312"
이승근,29,창녕/40,426-808,경기도 안산시 상록구 각골동로 12  (본오동)  ,,,"010-
3453-9202"
이승근,29,청도/52,420-803,"경기도 부천시 원미구 삼작로268번길 63-20, 702호  (도당동, 경동장미아파트)","금성화공약품㈜
/상무이사","032)
674-8891","010-
3774-8173"
이승기,29,청도/,448-980,"경기도 용인시 수지구 성복2로86, 107-1104(성복동,엘지빌리지)",,,
이승기,29,밀양/49,120-810,서울 서대문구 증가로21길 37-9  (북가좌동)  ,하남실업/대표,"02)
303-0778
02)
364-3456","011-
253-0193
leeseunggi51@
hotmail.com"
이승기,29,안동/59,135-830,"서울 강남구 학동로 338, A-1402  (논현동, 강남파가보)  ","경동보일러
의정부대리점","02)
514-8981","011-
324-5759"
이승길,29,창녕/44,132-881,"서울 도봉구 우이천로 350  
(쌍문동) ",,"02)
993-3376","010-
3294-5245"
이승길,29,청도/43,134-764,"서울 강동구 고덕로27길 36, 103-604  (암사동, 강동현대
홈타운아파트)  ","특허법인 대한
/대표변리사","02)
449-3350","011-
688-0880"
이승대,29,안동/67,139-820,"서울 노원구 한글비석로49길 18, 3층  (상계동)  ",,"070-
7799-9667","010-
9903-9667"
이승덕,29,청도/53,435-040,"경기도 군포시 수리산로 33, 831-1802  (산본동, 계룡아파트)  ",,,"011-
526-5106"
이승동,29,안동/56,431-705,경기도안양시 동안구 갈산동 샘마을한양@ 113-301,"세계
주류백화점","031)
452-6781","010-
3342-2616"
이승란,29,청도/,463-819,"경기도 성남시 분당구 불정로 380, 210호  (서현동, 동남
프라자)","제스카영어
학원/원장",,"010-
5586-0368"
이승란,,청도/,405-731,"인천시 남동구 인주대로676번길 22, 3-1502  (구월동, 동아아파트)",,,010-9851-7749
이승록,29,안동/56,220-150,강원도 원주시 북원로 1996  (무실동) ,"원주삼육고교
/교감, 삼육대/
외래교수","033)
731-6891","010-
9317-0156"
이승룡,29,안동/62,153-860,서울 금천구 독산로6가길 6  (시흥동) ,,,"010-
9130-0513"
이승룡,29,안동/55,142-804,서울 강북구 도봉로 10가길 16  (미아동) ,성도까운사,"02)
987-0003","011-
315-0375"
이승률,29,청도/45,132-817,"서울 도봉구 도봉로169길 31, 104-1202  (도봉동, 럭키
아파트)  ","신일엔지니어링
/상임기술고문","02)
954-3060","011-
266-5661
shinil0032@
hanmail.net"
이승률,29,청도/,137-888,"서울 서초구 바우뫼로37길 30, 7층  (양재동, 심산빌딩)","연변,평양과학기술대학/대외부총장
사)동북아공동체연구회/회장",02)3461-3461,"010-
9009-1933
ban1117@
chol.,com"
이승률,29,안동/57,157-794,"서울 강서구 등촌로 163, 111-701 (등촌동, 등촌I-PARK
아파트)",,"02)
2654-4667","010-
5312-6243"
이승립,29,밀양/46,135-990,"서울 강남구 일원로 120, 107-301 (일원동, 샘터마을아파트) ","샘터마을입주자
대표회의/회장",02)459-5842,"010-
8889-5842
johta21@
naver.com"
이승만,29,/,135-521,"서울 강남구 광평로31길 27, 105-902 (수서동, 삼성아파트)",,"02)
6241-5239","019-
273-1199"
이승명,29,청도/,136-130,서울 성북구 오패산로1길 19-3  (하월곡동)  ,,"02)
909-0263","010-
5061-0263"
이승모,29,청도/50,137-767,"서울 서초구 신반포로19길 6, 29-906  (반포동, 신반포한신아파트)",,,"010-
2738-2299"
이승목,29,청도/71,763-788,"경기도 성남시 분당구 장미로 55, 119-1203 (야탑동, 장미
마을)  ",,"070-
4236-0203","010-
5139-0203"
이승무,29,안동/59,431-080,"경기도 안양시 동안구 동안로 102, 310-1102  (호계동, 목련선경아파트) ","세계
주류백화점","031)
385-7729
02)
578-6711","010-
8914-7989"
이승문,29,창녕/50,138-160,서울 송파구 송이로26길 16-60  (가락동),"쌍매당/
서울지역총무",,"010-
7760-3869"
이승문,29,청도/,137-807,"서울 서초구 동광로 164
401호(반포동 주혁빌딩)","(전) 
CJ제일제당","070-
8836-0547","017-
701-2049"
이승문,29,청도/,143-775,"서울 광진구 능동로4길 41, 703-1205 (자양동, 자양7차현대홈타운) ",,,"011-
234-1980"
이승배,29,청도/37,146-825,서울 동작구 사당로26가길 22  (사당동) ,,"02)
584-5883","010-
5306-5883"
이승백,29,청도/,448-549,"경기도 용인시 수지구 진산로34길 27, 708-203  (풍덕천동, 진산마을삼성래미안7차아파트) ","삼성전자
/상무",,"010-
5349-7036"
이승백,29,청도/,138-200,"서울 송파구 송이로36길 31, 201호  (문정동, 대광빌라) ",수서경찰서,,
이승복,29,안동/40,131-823,"서울 중랑구 동일로101길 48, 4층  (면목동) ","KT 
정년퇴직","02)
491-9033","010-
2738-9033"
이승복,29,밀양/38,-,부산 이거,,,"010-
2958-0369"
이승복,29,안동/63,411-864,"경기도 고양시 일산서구 
고봉로 317 (일산동, 고봉빌딩 3층)","㈜인터테크
/대표이사","031)
917-2138","010-
4509-2138"
이승봉,29,안동/51,135-891,"서울 강남구 논현로161길 15-2 (신사동, 리치빌) ","경동보일러
/의정부대리점","02)
515-8505","010-
5255-3656"
이승붕,29,청도/51,157-751,"서울 강서구 허준로 121, 106-1402 (가양동, 대림경동
아파트) ","금강화공약품㈜
/대표이사","02)
3664-5639","010-
4720-8891"
"이승삼
(대윤)",29,안동/62,132-762,"서울 도봉구 방학로 200, 15-302  (방학동, 신동아아파트)  ",,"02)
955-3709","010-
3261-2722"
이승서,29,안동/52,138-764,"서울 송파구 문정로 
83, 114-1402  (문정동, 문정래미안아파트) ",,"02)
3401-3649","010-
5386-8412"
이승수,29,합천/66,156-834,"서울 동작구 상도로47길 56-2, 302호 (상도1동, 천하축산빌라)","중앙대학교
/교수",,"010-
3566-3387"
이승수,29,/67,158-882,"서울 양천구 목동로 230, 104-601  (목동,아이파크아파트)  ","신한은행남부
지법/지점장",,"010-
4567-6054"
이승숙,29,청도/60,417-853,인천시 강화군 양도면 강화남로 551-1 ,,,"010-
8026-4421"
이승안,29,청도/68,420-751,"경기도 부천시 원미구 장말로 102, 1836-202  (상동, 반달마을아파트) ",,,
이승억,29,   안동/39,472-854,"경기도 남양주시 오남읍 진건오남로 564, 105-1204 (유호아파트) ",,"031)
575-1621","011-
9041-1621"
이승억,29,청도/50,135-800,"서울 강남구 삼성로 11, 436-503 (개포동, 주공아파트) ","전)
부산병무청장","02)
451-5526","011-
494-8306"
이승억,29,청도/,405-825,"인천시 남동구 소래역로 93, 901-701  (논현동, 냇마을신영지웰아파트) ",,,"010-
9780-9238"
이승연,29,/,404-775,"인천시 서구 검단로 836, 123- 1404  (불로동, 월드아파트)",,"032)
567-9368","019-
273-1199"
이승열,29,창녕/80,442-865,"경기도 수원시 팔달구 덕영대로757길 23, 2-1904  (화서동, 영광아파트)","한국서부발전㈜
평택발전본부
/환경화학부","031)
252-0870","010-
8911-0870
seunglee@
west.co.kr"
이승열,29,청도/58,143-849,서울시 광진구 천호대로118길 31  (능동)   ,한국산업공단,"02)
3436-3765",
이승열,29,청도/39,132-814,"서울 도봉구 도봉로177길 34, 205호  (도봉동) ",,,
이승열,29,밀양/59,134-864,"서울시 강동구 진황도로31길 67, 201호  (천호동)","클라우드코리아
여행사/과장",,"010-
8578-1890"
이승엽,29,청도/,420-860,"경기도 부천시 원미구 호수로
23(상동)",,"032)
328-8778","011-
279-4006"
이승엽,29,창녕/81,442-865,"경기도 수원시 팔달구 덕영대로757길 23, 2-1904  (화서동, 영광아파트)",윈윈스튜디오,"031)
252-0870","010-
6304-9342
leems1216
@nate.com"
이승옥,29,청도/64,417-852,"인천시 강화군 양도면 
정문길 148-7","농업회사법인
강화포커스㈜
(홈페이지제작)",,"016-
479-8038
ghfocus@
daum.net"
이승완,29,청도/,442-783,"경기도 수원시 팔달구 권선로 477, 121-1203  (매산로2가, 대한대우아파트)  ",,,
이승완,29,안동/74,122-802,"서울시 은평구 갈현로37길 30-19, 201호  (갈현동) ",,,
이승우,29,청도/42,157-836,"서울 강서구 공항대로58길 44, 401호  (등촌동) ","전)영훈고등학교
          /교감
행촌학술문화
진흥원/원장","02)
2651-1024","010-
6261-5166
swleehippo@
naver.com"
이승우,29,안동/63,120-786,"서울 서대문구 통일로 332, 301-606 (홍제동, 청구아파트) ",,"02)
369-9104","010-
2274-9993"
이승우,29,청도/,472-728,"경기도 남양주시 와부읍 덕소로 33, 206-902  (주공아파트) ",광고사,"031)
897-5046","010-
6400-1363"
이승욱,29,청도/,,,,,
이승욱,29,청도/39,215-841,"강원도 양양군 현남면 
매바위길 63",,"02)
375-7278","010-
5216-9423"
이승웅,29,청도/,122-855,"서울 은평구 불광로 153,
905호 (불광동,삼익아파트) ",,,
이승원,29,청도/,412-723,"경기도 고양시 덕양구 충장로 103번길23, 105-801(행신동,행신1차SK뷰아파트)",,,
이승원,29,청도/41,156-786,"서울 동작구 여의대방로 8, 101동 205호(우성아파트)","㈜동양과학
        /상임고문","02)
847-8217","010-
4328-2580
songwonrhee
@daum.net"
이승유,29,청도/,446-566,"경기도 용인시 기흥구 신촌로47길 11, 208-1203 (보정동, 신촌마을포스홈타운2단지
아파트) ",전)철도청,"031)
414-3414","010-
2048-5044"
이승유,29,청도/36,411-737,"경기도 고양시 일산서구 강선로 141, 1603-1503 (일산동, 후곡마을16단지아파트)  ",,,"010-
8582-0666"
이승은,29,청도/35,463-863,"경기도 성남시 분당구 정자동
파크뷰아파트 609동802호","전)고려종합
운수(주)/회장",,"010-
3735-6971"
이승익,29,청도/69,463-870,"경기도 성남시 분당구 탄천상로 79, 103- 301 (구미동, 한솔노블빌리지)",,"031)
715-3314","010-
7724-6903"
이승익,29,안동/69,122-855,"서울특 은평구 불광로13가길 7-2, 1층 (불광동) ",,"02)
359-1453","010-
4621-7994"
이승인,29,청도/,158-776,"서울 양천구 목동남로4길 6-23  , 205-501(신정동, 목동2차우성아파트) ",,"02)
6091-8283","010-
2362-8283"
이승일,29,청도/,142-887,서울 강북구 인수동 530-20,PP마대제조판매,,"010-
5233-7496"
이승재,29,청도/,415-767,"경기도 김포시 유현료 51,
402호(풍무동,현대프라임빌)",,,
이승정,29,안동/82,461-801,경기도 성남시 수정구 단대동 108-8 일원푸르지오A 108-1903,,,"010-
9763-3123"
이승조,29,청도/,423-748,"경기도 광명시 가림로38, 
507-204(하안동, 주공5단지)",,"02)
898-6157",
이승주,29,안동/72,122-802,"서울 은평구 갈현로37길 30-19, 201호  (갈현동) ",,,"010-
2717-5200"
이승주,29,청도/54,135-830,"서울 강남구 언주로 609, 팍스타워A동 3층 (논현동) ","다인건축그룹
/전무",,"010-
7190-1002"
이승준,29,청도/37,140-210,"서울 용산구 독서당로 111, 120-702(한남동, 한남더힐)","풍국산업㈜
/회장","02)
701-1651
031)
732-1651","010-
5345-1651
sjlee@pung
kook.com"
이승준,29,청도/70,143-890,서울 광진구 천호대로125길 35-6  (중곡동)  ,"스튜디오 고로
/팀장","02)
542-2536","010-
6565-4885"
이승준,29,청도/63,135-100,"서울 강남구 학동로77길 49, 101동415호  (청담동,
삼환아파트)","태일통상㈜
/상무이사",,"010-
4196-8415"
이승준,29,청도/,134-774,서울 강동구 둔촌동 둔촌주공아파트 409-802,,"02)
6140-4516",
이승진,29,안동/64,463-968,"경기도 성남시 분당구 산운로
121, 606-604(운중동,산운마을6단지)",KT/팀장,"031)
719-6996","010-
6802-5599"
이승진,29,청도/73,138-746,"서울 송파구 동남로 18번길
44, 1동203호(가락동,프라자아파트)",,,
이승찬,29,청도/38,463-715,"경기도 성남시 분당구 무지개로 144, 503-602  (구미동, 무지개마을청구아파트) ",전)국세청,"031)
711-2852","016-
687-4749"
이승채,29,안동/40,448-831,"경기도 용인시 수지구 성복2로 86, 101-701  (성복동, 성동마을LG빌리지1차아파트)   ","전)제일은행
/지점장","031)
263-3757","011-
285-5340"
이승천,29,청도/40,425-838,"경기도 안산시 단원구 새뿔길 36, 102-204  (신길동, 두산위브아파트)","전)
서울종친회장","031)
508-6296","011-
9052-6296"
이승철,29,안동/76,135-890,"서울 강남구 논현로153길 42, 601호  (신사동, 청림쉐르빌)",,,"010-
6602-0131"
이승철,29,청도/50,158-090,"서울 양천구 신월동 1028
대주파크빌 103-801",,"02)
2608-7424","010-
2480-7424"
이승철,29,안동/63,410-791,"경기도 고양시 일산동구 숲속마을로 68, 601-1601  (풍동, 숲속마을6단지아파트)  ",,"031)
811-2036","010-
3179-1133"
이승춘,29,청도/,443-716,"경기도 수원시 영통구 동수원로 432, 1-1110  (매탄동, 동남아파트) ",,,"010-
4190-2214"
이승춘,29,청도/65,158-779,"서울 양천구 목동중앙로 143, 103-1106 (목동, 목동1차우성아파트) ","효성그룹
 / 부장",,"010-
3217-3132"
이승태,29,청도/68,461-830,"성남시 수정구 복정로
118번길 5-5, 102호(복정동)",,"031)
721-1218","010-
7763-1737"
이승태,29,창녕/40,136-825,"서울 성북구 성북로8길 50, 102-102  (성북동, 남경빌라) ","신안산업
개발㈜/대표","02)
764-8008","010-
4890-2468"
이승태,29,청도/40,137-754,"서울 서초구 효령로34길 79, 2-1002  (방배동, 삼익아파트) ",,"02)
3473-9879","010-
3664-0820"
이승태,29,청도/,132-886,서울 도봉구 시루봉로1길 123  (쌍문동)  ,백두산사우나,,"010-
6223-9780"
"이승택
(광남)",29,안동/40,135-504,"서울 강남구 논현로 209, 103-601  (도곡동, 경남아파트)  ",,"02)
3461-8784","010-
2850-8784"
이승학,29,창녕/30,135-786,"서울 강남구 압구정로 151, 107동501호 (압구정동, 현대아파트) ",,"02)
6677-0063","010-
3527-0054"
이승학,29,청도/,130-762,"서울 동대문구 장안벚꽃로 167, 221-502  (장안동, 래미안장안2차아파트) ",,,"017-
217-4559
rezu@
naver.com"
이승한,29,안동/63,411-420,경기도 고양시 일산서구 법곳동 470일산환경사업소신관사23호,,,"010-
2872-2826"
이승헌,29,청도/,151-896,"서울 관악구 대학동 1551-7
태남빌라 301호",,"02)
878-2847","010-
2297-9376"
이승현,32,안동/73,411-450,"고양시 일산서구 덕이동
신동아훼미리하이파트시티
408-2302",,,"010-
9133-0102"
이승호,29,안동/60,136-783,"서울 성북구 숭인로2길 61, 114-1402 (길음동, 길음동동부센트레빌아파트) ",,"02)
984-9968","019-
374-9993"
이승호,29,창녕/57,156-846,서울 동작구 상도3동 302-14,,,"011-
219-4452"
이승호,29,청도/,135-847,"서울 강남구 역삼로81길 25, 401호  (대치동) ",,"02)
568-5382","010-
3661-5006"
이승환,29,창녕/36,410-755,"경기도 고양시 일산동구 
중산동 동부건영A 508-302",아미스코리아,"031)
976-9338
02)
485-1717","016-
426-0338"
이승환,29,청도/72,425-720,"경기도 안산시 단원구 고잔로 69, 10-202 (고잔동, 주공1단지아파트)  ","㈜코레코
/팀장","031)
405-8373
031)
409-7700","010-
4404-8666
this5017@
naver.com"
이승환,29,안동/59,139-891,"서울 노원구 동일로245길 162, 108-810 (상계동, 은빛1단지아파트) ",,,"011-
9037-7125"
이승회,29,청도/,156-791,"서울 동작구 현충로 119,
102-1004(흑석동,명수대현대)",,,
이승후,29,창/58,138-768,"서울 송파구 문정2동 
올림픽훼밀리타운205-903","인천재능
대학교/교수","02)
403-6780","010-
3454-6518
sunbee98@
hanmail.net"
이승후,29,청도/,122-897,"서울 은평구 진흥로1길 38-24,  202호  (역촌동, 인성홈타운, 로얄하이츠빌라) ",,"02)
378-6865",
이시원,30,청도/57,137-856,"서울 서초구 강남대로65길 12, 707호  (서초동, 현서그린빌)",,,"010-
3919-9744"
이시형,31,안동/48,137-877,"서울 서초구 효령로61길 10,
 2층  (서초동) ","가자주류
백화점/대표","02)
3474-0854
02)
587-6781","010-
5275-0660
seehyung
lee48@
hanmail.net"
이시형,31,안동/45,142-803,서울 강북구 미아3동 164-51,"대한
보증보험","02)
980-0507","011-
9712-0508"
이식용,32,  안동 /51,132-901,"서울 도봉구 노해로 70길
19, 1904-214
(창동주공아파트)","독일훼르만
보청기/대표","02)
907-5109
031)
847-9829","011-
737-5109"
이안용,32,안동/49,137-811,"서울 서초구 방배중앙로7길
 3  (방배동)",,"02)
522-9965","010-
5215-8301"
이양기,27,청도/36,156-836,"서울 동작구 상도1동 159-26, 501호","전)독립유공자
유족회/사무총장","02)
877-0027","010-
2279-0027"
이연한,32,안동/67,472-893,"경기도 남양주시 오남읍 진건오남로555번길 19, 102- 503 (신동아아파트) ",남양주시청,"031)
575-7983","010-
2783-7270"
이영걸,29,안동/46,139-810,"서울 노원구 덕릉로119가길 34-1, 201호  (상계동)",옷가게,"02)
936-7637","011-
284-7637"
이영기,27,청도/29,137-779,"서울 서초구 서초중앙로 200, 19-905  (서초동, 삼풍아파트) ","전)전주지검장
용헌종중/초대회장
행촌문화원
/초대이사장","02)
334-8686",
이영돈,34,안동/66,471-758,"경기도 구리시 장자호수길 77, 504-1101  (수택동, 장자마을금호베스트빌아파트) ","국민은행
도농지점","031)
555-5229","010-
2207-5229"
이영동,29,안동/57,139-786,"서울 노원구 동일로208길 19, 202-714 (중계동, 중계무지개아파트) ",,"02)
975-4999","010-
8949-6407"
이영만,29,안동/49,134-843,"서울 강동구 풍성로57길 
34-1, 501호  (성내동) ",,"02)
476-2688","010-
3893-2688"
이영숙,,청도/,136-753,"서울 성북구 성북로4길 52, 
11동 103호 (한신아파트)",,"02)
921-1073","010-
5417-1073"
이영승,29,안동/50,139-955,"서울 노원구 섬밭로 134, 110-1205  (공릉동, 풍림아파트) ","한전고양지점
/지점장","02)
972-2548","010-
3519-4200"
이영양,29,안동/56,134-708,"서울 강동구 동남로49길 57, 12-501 (둔촌동, 현대아파트)  ",,"02)
6415-5788","011-
9708-3517"
이영철,29,안동/64,157-806,"서울 강서구 허준로 76, 103-104 (가양동, 한보구암아파트)  ",,,"010-
3702-1271"
이영출,29,안동/50,134-842,"서울 강동구 천호대로162길 73, 101-101 (성내동, 원다빌라)   ",,"02)
482-2645","010-
8711-2465"
이영태,29,의성/57,135-505,"서울 강남구 언주로 117길
2-305(도곡동,개포우성4차)","우리금융저축
은행/대표이사",,"010-
9210-3575"
이영하,29,의성/64,150-922,"서울 영등포구 가마산로 540, 102-1403  (신길동, 바다마을아파트) ",해군/대령,,"010-
5074-9045"
이영호,29,안동/50,411-766,"경기도 고양시 일산서구
탄현동 삼익@ 202-904",,,"010-
3354-7877"
이영홍,29,안동/44,487-913,"경기도 포천시 신북면
삼성당리 42",,"031)
534-8377","011-
253-8377"
이영화,32,안동/61,480-759,"경기도 의정부시 오목로 36, 106-1103 (용현동, 현대1차
아파트)  ",,"031)
846-0043","011-
9059-2341"
이영화,29,안동/69,464-744,"경기도 광주시 오포읍 양벌로 375, 105-207 (대주2차아파트)",,"031)
699-8557","016-
353-3367"
이영희,30,안동/69,446-561,"경기도 용인시 기흥구 마북로 139, 102-501  (마북동, 현대필그린아파트)",,"031)
265-3458","010-
9682-2201"
이옥남,,청도/,152-905,"서울 구로구 부일로5길22-66,
401로(온수동,라비앙하우스)",,"02)
2613-7403",
이완태,29,창녕/35,456-823,"경기도 안성시 공도읍 송원길 64, 106-1001 (안성공도금호어울림) ","전)기호농조
평택소장","031)
656-5478","010-
7290-5478"
이왕기,27,청도/54,412-070,"경기도 고양시 덕양구 권율대로 831, 901-1003  (신원동, 신원마을 호반베르디움 9단지)",,"031)
949-6338","010-
3702-6335"
이용덕,28,창녕/34,446-951,"경기도 용인시 기흥구 관곡로 51, 603-1602  (구갈동, 가현마을 신안아파트)","전)신구대학
      /서무과장","031)
285-6536","010-
5505-6536"
이우동,30,청도/76,442-130,"경기도 수원시 팔달구 매산로104번길 10, 101-1008호  (교동, 풍림아이원아파트)   ","㈜비에스엠
플러스/기업2팀","031)
223-8506","010-
9013-1713
woodonge@
hanmail.net"
이우형,31,밀양/65,463-859,"경기도 성남시 분당구 정자일로 239  (정자동, 아이파크분당1) ","E&E치과병원
/원장",,"010-
9055-2875"
이욱형,31,안동/73,135-515,"서울 강남구 언주로 63길 32,
공간쉐르빌 402호","플라스틱
생활용품제조",,"010-
8211-4320
officeall@
nate.com"
이원근,30,창녕/30,140-884,"서울 용산구 독서당로34길 22, 2-302  (한남동, 한남시범아파트) ",,"02)
795-8739",
이원형,31,밀양/48,131-849,"서울 중랑구 동일로154길 47-23, 301호  (묵동, 낙원빌라) ",,,"011-
243-2275"
이원형,31,안동/59,405-300,"인천시 남동구 소래역남로 39. 506-3103  (논현동, 에코메트로5단지아파트)  ","전기안정공사
인천지역본부","032)
207-4567","010-
5269-3939"
이원형,31,안동/72,142-700,서울 강북구 수유4동 291-51,,"02)
993-7843","016-
222-7843"
이원희,31,청도/31,135-842,서울 강남구 삼성로72길 35  (대치동),,"02)
568-3552","016-
329-3552"
이위형,31,안동/40,139-955,"서울 노원구 섬밭로 139, 109-301 (공릉동, 공릉풍림아파트)","미트비지니스
  컨설팅센타/소장
   (사)한국수입육
 협회/상근부회장",02)6221-4347,"010-
3738-4251
wehlee@
daum.net
"
이윤형,31,청도/75,420-751,"경기도 부천시 원미구 장말로 102, 1827-904 (반단마을 삼익아파트) ","미래에셋
파이낸스
/베트남본부장","070-
8226-9384","002-8493
-871-2830
freeth@
miraeasset.
com"
이윤호,33,안동/63,480-759,"경기도 의정부시 오목로 36, 106-1103  (용현동, 현대1차아파트)",,"031)
846-0043","010-
6511-0846"
이율기,27,청도/59,405-818,"인천시 남동구 호구포로 
120번길 16 (고잔동)",㈜코엑스전자,"032)
811-9870","010-
3778-1640"
이은석,31,창녕/97,413-771,"경기도 파주시 금촌2동 
새꽃마을 306-403",,"031)
943-6563","010-
3499-6563"
이을규,,청도/,157-751,"서울 강서구 허준로 121, 104-202 (가양동, 대림경동아파트)   ",,"02)
2659-4222","010-
7216-9500"
이인용,32,안동/57,140-210,"서울 용산구 독서당로 111, 118-904  (한남동, 한남더힐)  ","삼성그룹
/사장",,"010-
6414-9095"
이인진,,청도/,156-771,"서울 동작구 동작대로29길
110  ,404-1201(사당동, 신동아A)",,"02)
6242-9850",
이인형,31,안동/56,448-517,"경기도 용인시 수지구 만현로 25, 106-903  (상현동, 만현마을롯데캐슬아파트) ","중앙
엘리베이터㈜","031)
307-5146","010-
4105-5146"
이일영,31,안동/63,443-725,"경기도 수원시 영통구 영통로290길 26, 833-501 (영통동, 벽적골주공휴먼시아8단지
아파트)  ",,"031)
202-5351","011-
9020-5351"
이일형,30,안동/35,412-711,"고양시 덕양구 성사2동
신원당대명@ 501-701",,"031)
964-5603","011-
755-6245"
이자희,30,46/밀양,138-910,"서울 송파구 올림픽로 99,
137-1203(잠실엘스아파트)",,,"010-
5462-0506"
이장원,29,청도/73,430-828,경기도 안양시 만안구 현충로98길 42  (안양동),,"031)
448-1524","018-
383-1524"
이재경,32,안동/70,135-785,"서울 강남구 압구정로 113, 23-203(압구정동, 미성아파트)  ","신세계
/정보전략팀장","02)
514-5365","010-
5535-5365"
이재곤,32,안동/62,413-720,"경기도 파주시 송화로 13, 108-1002 (아동동, 팜스프링아파트) 
",,,"017-
752-2396"
이재근,32,안동/88,441-716,"경기도 수원시 권선구 권광로27길 62, 104-806  (권선동, 삼천리1차아파트)",,"031)
233-8667",
이재근,32,안동/55,156-730,"서울 동작구 사당로17길 111, 3-1101  (사당동, 현대아파트) ",,"02)
529-5293","010-
5529-5292"
이재동,32,안동/70,443-714,"경기도 수원시 영통구 동수원로 316, 5-1106 (매탄동, 임광아파트)","국민은행
여신관리부","031)
225-1321","019-
386-4976"
이재룡,32,안동/48,143-775,"서울 광진구 자양번영로3길 66, 601-202  (자양동, 현대6차아파트)",,"02)
446-0978","010-
3185-7992"
이재민,32,밀양/76,151-892,"서울 관악구 신림동5가길 9, 서영오피스텔301호  (신림동) ","㈜한독약품
/대리",,"010-
2364-2090
jaeminlee@
handok.com"
이재민,32,안동/85,440-847,"경기도 수원시 장안구 송정로187번길 54-15, 나-101  (조원동, 현진빌라) ",,"031)
256-9461",
이재민,32,안동/82,137-830,"서울 서초구 방배로35길 7, 202호 (방배동, 천혜빌라)",,,"010-
8874-9254"
이재봉,32,안동/53,135-855,"서울 강남구 언주로 123, 5-803 (도곡동, 개포한신아파트) ",,"02)
571-5167","011-
9797-5122"
이재성,32,안동/73,443-714,"경기도 수원시 영통구 동수원로 316, 5-1106  (매탄동, 임광아파트) ",,"031)
225-1321",
이재승,32,안동/73,140-025,"서울 용산구 용산동 5가24
파크타워 102-1403",,"02)
534-0628","010-
3716-4213"
이재열,32,밀양/75,151-892,"서울 관악구 신림동5가길 9, 서영오피스텔701호  (신림동) ","㈜ 명성
/차장",,"010-
4547-2092
jaylee@
mslifix.co.kr"
이재영,32,안동/32,138-788,"서울 송파구 백제고분로18길 30, 8-907 (잠실동,우성A)",,"02)
422-7290","010-
5227-0647"
이재옥,32,안동/61,122-763," 서울 은평구 가좌로 344, 112-1607  (신사동, 현대A)",,"02)
359-4392",
이재용,32,안동/48,143-775,"서울 광진구 능동로 19, 601- 201 (자양동,한강현대아파트)",,"02)
446-0978","010-
3185-7992"
이재용  ,32,안동/70,139-955,"서울 노원구 섬밭로 139, 109-301 (공릉동, 공릉풍림아파트)  ","Dolby Laboratoris
Liceing co./Director","415-
558-0358","현)
센프란시스코 
거주"
"이재용
 (준안)",32,안동/62,138-747,"서울 송파구 가락동 쌍용1차
아파트 201-1907","포스코
엔지니어링
/상무","02)
402-0157","019-
446-0157
atom214@
hanmail.net"
이재우,30,창녕/70,134-885,"서울 강동구 성안로3길 11, 
아미스빌딩  (성내동) ","아미스
코리아","02)
485-1717","010-
3786-3219"
이재웅,32,안동/88,441-716,"경기도 수원시 권선구 권광로27번길 62, 104-806  (권선동, 삼천리1차아파트)  ",,"031)
233-8667",
이재원,32,밀양/81,137-070,"서울 서초구 서초동 
경남A 8-605","대선해운
항공㈜/대리","02)
713-7419","010-
9101-9626"
이재윤,33,안동/53,138-767,"서울 송파구 중대로 24, 227-101(문정동, 올림픽훼밀리타운)  ","㈜경부전기안전
관리/대표","02)
408-6097","010-
5320-6099
leejayo@
hanmail.net"
이재윤,32,밀양/82,135-820,"서울 강남구 언주로146길 18, 5-506  (논현동, 동현아파트)  ",유니베라,"02)
503-4441",
이재진,29,안동/67,422-823,"경기도 부천시 소사구 성주로 226, 7-702  (심곡본동, 부천극동아파트) ","전)경기도의원
전)사회통합위원회
대외협력/팀장","032)
662-6600
032)
667-6767","011-
330-6767"
이재창,32,안동/70,446-587,"경기도 용인시 기흥구 기흥로116길 58, 413-1303 (신갈동, 녹원마을새천년그린빌5단지)","(주)ARM코리아
/차장","031)
285-6448","018-
307-9999"
이재철,29,안동/71,422-823,"경기도 부천시 소사구 하우로 258-26, 1-205  (심곡본동, 힐탑빌리지)",,"032)
666-6007","011-
669-6337"
이재철,32,안동/59,110-830,서울 종로구 세검정로6가길 4  (신영동) ,,"02)
379-8692",
이재탁,32,안동/71,440-847,"경기도 수원시 장안구 금당로38길 29, 가-202 (조원동, 삼정빌라트)  ",,,
이재하,32,안동/79,480-718,"경기도 의정부시 민락동
691-1 현대@ 304-306",,,"010-
8445-6662"
이재혁,32,안동/91,110-830,"서울 종로구 진흥로 491, A-302  (신영동, 효동빌라)  ",군복무중,"02)
391-3529",
이재혁,32,안동/68,412-720,"경기도 고양시 덕양구 충장로152길 39, 2108-202 (행신동, 햇빛마을20단지아파트) ","금강독하㈜
/부장","031)
817-9610","010-
5318-8632"
이재형,31,밀양/54,137-790,"서울 서초구 신반포로23길 5, 105-509 (잠원동, 우성아파트) ","창신건설
/대표","02)
594-3992","010-
3754-4232"
이재형,31,안동/46,140-902,"서울 용산구 후암로4길 57, 202호 (후암동, 조형빌라) ","토목건설업 
운영","02)
757-6200","011-
9044-2600"
이재호,31,안동/71,135-807,"서을 강남구 개포1동
주공@ 97-404","대우건설
/해외건축과장",,"010-
2366-1971"
이재훈,32,안동/65,410-821,"경기도 고양시 일산동구 고양대로 1053, 가-107  (식사동, 낙원빌라) ","덕양천막사
/대표","031)
965-3945","011-
332-5376"
이재희,30,밀양/38,151-061,"서울 관악구 봉천11동 
196-61",,"02)
877-7195","017-
325-8017"
이재희,31,청도/,405-848,"인천시 남동구 함박뫼로318길 27-12, 조양금속  (논현동)    ",㈜조양금속,"032)
815-1385","011-
262-9948"
이전형,31,안동/41,426-872,"경기도 안산시 상록구 안산천남1로 70, 202-1102  (이동, 푸르지오2차아파트)",,"031)
501-5379","016-
268-5379"
이정근,30,창녕/83,138-806,서울 송파구 송이로26길 16-60  (가락동) ,,,"010-
2934-8328"
이정리,30,청도/40,156-816,서울 동작구 사당로 29 다길 35  (사당동) ,"전) 노원구청/
      기획실장","02)
533-2789","010-
9593-2789
na05128@
naver.com"
이정숙,31,41/밀양,,"서울 서초구 서초대로1길34,
205-802(방배동, 현대홈타운아파트)",,,"016-
245-8199"
이정엽,30,청도/69,135-512,"서울 강남구 도곡로43길 20, 206-1106 (역삼동, 래미안그레이튼아파트) ","관촌실업㈜
/이사","02)
561-8727","010-
3597-8727
moss1147@
naver.com"
이정태,30,청도/,443-745,"경기도 수원시 영통구 영통로200번길 156, 1005-1601(망포동, 방죽마을영통뜨란채아파트) ",삼성전자,,"010-
5216-2751"
이정학,26,청도/54,462-758,"경기도 성남시 중원구 도촌남로 134, 807-1205  (도촌동, 휴먼시아섬마을8단지아파트)
",,,"010-
4050-1720"
이정형,31,청도/,135-515,"서울 강남구 봉은사로 71길
13, 401호 (삼성동상아빌라트)","전) 효성 
/ 전무","02)
541-0225","016-
244-7315"
이정형,31,안동/67,443-710,"경기도 수원시 영통구 인계로189번길 119-1, 126-1502  (매탄동, 현대힐스테이트) ",,"031)
439-6920","010-
9988-8440"
이정형,31,안동/47,137-830,"서울 서초구 방배로35길 7, 202호 (방배동, 천혜빌라) ",,,"010-
9192-3286"
이정환,26,청도/,441-390,"경기도 수원시 권선구 동수원로 145번길 74, 107-402(권선동,수원아아파크아파트) ","성균관대학교
-도서실","031)
295-2249","010-
3016-2293"
이제형,31,안동/38,110-830,서울 종로구 세검정로6가길 4  (신영동),,"02)
379-8692","010-
8281-8692"
이종각,28,안동/20,143-190,"서울 광진구 구의강변로 11, 3-102 (자양동, 한양아파트)   ",,"02)
452-6025","010-
9186-6088"
이종걸,28,청도/24,420-758,"경기도 부천시 원미구 중동로 280번길63-1, 605-904 (중동, 중흥마을두산극동아파트) ","세방정기(주)
/회장","032)
324-1507
032)
674-0627",
이종경,28,청도/34,463-870,"경기도 성남시 분당구 탄천상로 79, 103-301  (구미동, 한솔노블빌리지) ",,"031)
715-3314",
이종관,28,청도/,430-812,"경기도 안양시 만안구 예술
공원로208길18, 서영3층
(안양동)",,"031)
468-7172","010-
5416-0507"
이종구,28,청도/,421-810,"경기도 부천시 오정구 중동로
399번길12(삼정동)",,"032)
675-7403",
이종구,28,청도/,151-015,서울특별시 관악구 난곡로26나길 29  (신림동),,,"010-
9048-2233"
이종국,28,청도/37,440-723,"수원시 장안구 정자로42길
52, 735동 303호
 (경남아파트)",,"031)
268-9435","010-
6767-9435
ljkb63@
daum.net"
이종규,28,청도/43,446-557,"경기도 용인시 기흥구 용구대로2394번길 27, 117-1503 (마북동, 삼성래미안1차아파트) ",예비역준장,"031)
286-8688","011-
401-3938"
이종균,28,청도/37,152-833,"서울 구로구 고척로27바길
 37-8  (고척동)",,"02)
2612-0334","011-
226-1098"
이종극,28,청도/,136-812,"서울 성북구 길음로 133, 201-401  (길음동, 초원빌라) ",,,"010-
5111-6604"
이종길,28,청도/41,143-890, 서울 광진구 천호대로125길 35-6  (중곡동)  ,전) 건축업,"02)
456-7655","011-
272-8664
dongjun0323
@naver.com"
이종덕,28,청도/,133-864,"서울 성동구 고산자로2라길 2
6/5(행당동)",,"02)
2292-2456",
이종두,28,안동/52,130-762,"서울 동대문구 장안벚꽃로 167, 215-302  (장안동, 래미안장안2차아파트) ","한영고등학교
/국어교사","02)
2214-3123","010-
9767-4124"
이종문,28,청도/,121-888,"서울 마포구 포은로 38-7
(합정동)",,,
이종배,28,청도/40,137-769,"서울 서초구 서초중앙로29길 28, 301-409(반포동, 미도A)","전)이종배
법무사무소장","02)
582-0728",010-519-2167
이종백,28,청도/50,135-542,"서울 강남구 언주로30길 56, A동4304호  (도곡동, 타워팰리스)",전)서울중앙지검장/부산고검장/국가권익위원장,"02)
562-5400",
이종백,28,청도/38,633-752,"경기도 성남시 분당구 정자로 144, 405-2302  (정자동, 정든마을우성4단지A) ",,"031)
712-6634","011-
763-0183"
이종보,28,청도/39,135-878,"서울 강남구 봉은사로82길 14  (삼성동, CNS빌딩)","전)미정보통신 
수원파견대/소장
전)서울종친회장",02)558-5555,"010-
3065-5551
922chong@
hanmail.net"
이종선,28,청도/36,133-766,"서울 성동구 독서당로 191, 1-1301 (옥수동, 옥수동극동아파트) ","일진산업
/대표","02)
2297-5153
02)
338-2337","011-
714-2337"
이종세,28,청도/50,407-769,"인천시 계양구 황어로115번길 12, 106-803  (오류동, 신동아아파트)",,"032)
513-0688","010-
5159-8151"
이종수,28,창녕/39,435-842,경기도 군포시 당산로209길 16 금성빌라 302호 (산본동) ,,,"011-
253-5226"
이종언,28,안동/40,122-855,"서울 은평구 불광로13가길 
24-1, 201호  (불광동) ","청해발전기
대여업","02)
385-7994","010-
5273-3184"
이종옥,28,청도/28,413-920,"경기도 파주시 군내면 
통일촌길 212",,,"011-
300-4224"
이종완,28,청도/40,423-758,"경기도 광명시 하안로 284, 1220-101 (하안주공12단지아파트)","세양물산/대표
한국수입업협회
/자문위원","02)
802-0933
FAX 02)
891-9182","010-
3747-7009
seyang@
chol.com
"
이종우,28,청도/,448-522,"경기도 용인시 수지구 상현로27, 174-1901(상현동,상현마을쌍용2차스위닷홈아파트)",,"031)
261-3858","010-
8324-2207"
이종욱,28,안동/33,136-783,"서울 성북구 숭인로2길 61, 114-1402  (길음동, 길음동부센트레빌A) ","고성이씨
내로회/회장","02)
984-9968","011-
9938-9002"
이종운,28,청도/,441-834,"경기도 수원시 권선구 세권로304번길 30-6, 3층  (권선동) ","전)
골판지공장","031)
521-1363","010-
7221-8854"
이종운,28,안동/50,134-858,"서울 강동구 고덕로20가길 14, 401호  (암사동, 대명하이츠빌라)  ",참좋은 한우,"02)
426-1385","011-
285-1385"
이종원,28,창녕/46,442-865,"경기도 수원시 팔달구 덕영대로757번길 23, 2-1904  (화서동, 영광아파트)",,"031)
252-0870","010-
9556-0870"
이종윤,28,청도/47,431-060,"경기도 안양시 동안구 관양
동 현대아이페이스 404호",,"031)
476-0252","010-
8929-4098"
이종율,28,안동/47,135-890,"서울 강남구 논현로153길 42, 601호  (신사동, 청림쉐르빌) ","용헌종중
     /사무국장",,"010-
8288-0245"
이종인,28,안동/42,422-823,"경기도 부천시 소사구 하우로 258-26, 1-205  (심곡본동, 힐탑빌리지)","소사구장학회
/회장","032)
666-6007","010-
2359-6767"
이종장,28,청도/,156-787,"서울 동작구 여의대방로 28,  101-205(신대방동, 현대A)",전)경찰청,,"010-
3252-0048"
이종전,28,안동/43,122-802,"서울 은평구 갈현로37길 30-19, 201호  (갈현동) ",,"02)
6268-0048","010-
9556-6682"
이종진,28,안동/57,420-723,"경기도 부천시 원미구 중동로 187, 1213-105  (중동, 무지개마을아파트)  ",건축업/대표,"032)
215-6028","010-
5282-6073"
이종찬,28,군위/64,135-967,"서울 강남구 영동대로 4길 17,
808-101(일원동, 공무원A)",공무원,,"017-
266-6302"
이종천,28,청도/37,135-814,"서울특별시 강남구 학동로
7길 17, 101호  (논현동, 논현그린빌라)","㈜서독석유
/대표","02)
517-3384",
이종철,28,청도/42,150-837,"서울 영등포구 영등포로80길 21, 401호 (신길동, 행복맨션) ","용헌종중
        /상근이사","02)
844-5325","010-
2553-5588"
이종철,28,청도/,139-914,"서울 노원구 덕릉로60길 185, 201-302 (월계동, 초안아파트)  ",,,"011-
9093-4562"
이종철,28,/,110-230,"서울 종로구 북촌로 112  
(삼청동)",,"02)
2011-3642","010-
7607-5627"
이종하,28,청도/35,151-704,"서울 관악구 호암로 399, 308-1001  (신림동, 삼성산주공A)","전)서울종친회
/회장","02)
883-3377","010-
8308-3570"
이종해,28,청도/,122-825,"서울 은평구 통일로56길 3-18, 201호  (녹번동) ",태영종합㈜,"02)
358-8834","010-
3318-0695"
이종형,31,안동/59,442-152,"경기도 수원시 팔달구 수성로101길 20, 123-101  (화서동, 대우아파트)",,"031)
302-5214","011-
396-6113"
이종호,28,청도/,150-824,"서울 영등포구 디지털로54길3,
4층(대림동, 동호빌딩)",,"02)
831-5003",011-9008-4746
이종호,28,안동/35,480-071,"경기도 의정부시 신곡1동
한양@ 102-1603",,"031)
879-3833","011-
9720-3831"
이종화,28,청도/,143-751,"서울 광진구 아차산로552,
2-802(광장동,극동아파트)",,,
이종환,28,청도/40,138-746,"서울 송파구 동남로 18길
44, 1-203
(가락동프라자아파트)","삼성감정평가
법인/감정사","02)
402-8869","010-
5265-4361"
이좌형,31,안동/46,440-847,"경기도 수원시 장안구 금당로38길 29, 가-202  (조원동, 삼정빌라트)",,,"016-
356-7041"
이주동,30,안동/46,158-072,"서울 양천구 신정2동
롯데케슬@ 104-1209",동인당한약방,"02)
764-0680","010-
5313-5473"
이주형,31,안동/52,137-073,"서울 서초구 반포대로 122, B-601(서초동, 현대ESA2아파트) ","전)수협은행
/행장","02)
522-0134","010-
3660-5063"
이주형,31,안동/63,,"경기도 화성시 동탄읍 동탄
신도시3-8 B/L 나루마을
신도브레뉴@ 615-1701",,"031)
203-6630","011-
9781-8630"
이주호,32,안동/80,139-757,"서울 노원구 동일로 1456, 712-1005  (상계동, 상계주공7단지아파트) ",㈜삼성반도체,,"010-
212-8441"
이준기,27,청도/31,158-092,"서울 양천구 월정로8길 8, 101-504 (신월동, 방주기픈샘아파트) ",음양지리학자,"02)
2698-0599","017-
236-8717"
이준형,31,안동/78,420-778,"경기도 부천시 원미구 중동로 107, 104-2502 (중동, 중동팰리스카운티아파트) ","한국철도공사
(구로역)",,"010-
9048-1764
jjun8015@
hanmail.net"
이준형,31,청도/70,137-775,"서울 서초구 서초대로65길 13-10, 102-2305 (서초동, 서초래미안아파트) ",,"070-
4234-0426","010-
5221-7807"
이준호,33,안동/61,137-779,"서울 서초구 서초중앙로 200, 21-1202 (서초동, 삼풍아파트)  ",LG ,"02)
535-1108","010-
8233-5820"
이중기,27,청도/38,143-904,"서울 광진구 긴고랑로4길 53
101호 (중곡동, 호동아파트)",,"02)
465-5482","016-
287-5482"
이중형,31,군위/75,137-793,"서울 서초구 바우뫼로 89, 108-1402  (양재동, 우성아파트) ","SK건설㈜
/과장",,"010-
6291-7509"
이중희,30,청도/41,137-844,서울 서초구 방배로 15길 58,"서울종친회/회장
지산역학연구원
/원장","02)
877-5779","010-
7159-6400
junghi41@
hanmail.net"
이지형,31,밀양/,156-853,"서울 동작구 신대방14가길 60  (신대방동, 힐하우스)  ",무역진흥공사,,"011-
891-0284"
이직형,31,안동/63,403-858,"인천시 부평구 부평대로167번길 43, 2-1505  (청천동, 삼익아파트)  ",,"032)
296-2841","011-
246-2841"
이진형,31,밀양/67,137-844,"경기도 안산시 동안구 인곡로
80번길 33, 117-1107(인곡주공아파트)","나진
엔지니어링㈜
㈜두루빌건설
/전무","070
7623-8185","010-
5276-1023
infasy@
naver.com"
이진형,31,안동/59,441-716,"경기도 수원시 권선구 권광로27번길 62,  104-806 (권선동, 삼천리1차아파트)  ",,"031)
233-8667","011-
389-9357"
이진형,31,안동/62,110-803,서울 종로구 진흥로22길 81-6  (구기동) ,,"02)
391-8121","010-
9426-9526"
이진형,31,청도/62,431-070,"경기도 안양시 동안구 인곡로 80번길 33, 117-1107  (인곡주동아파트)",,"070-
8221-1080","010-
4406-1080"
이진호,32,안동/83,139-757,"서울 노원구 동일로 1456, 712-1005 (상계동, 상계주공7단지아파트) ","서울경찰청
혜화경찰서
/교통과",,"010-
2747-8443"
이차석,29,부산/40,143-866,서울 광진구 자양로13길 78  (자양동),부동산임대업,"02)
446-5667","019-
246-5667
chasuk59@
daum.net"
이찬승,29,청도/50,412-806,"경기도 고양시 덕양구 고양대로1407길 69, 가-303  (성사동, 종건빌라) ","전)행전안전부
         /서기관","031)
965-7606","010-
5219-7646
leecs884@
hanmail.net"
이찬형,31,밀양/71,420-756,"경기도 부천시 원미구 장말로 102,1827-904 (반달마을, 삼익아파트)","중소기업
기술진흥원
/혁신전략부장","070-
4300-5586","010-
3791-5582
chlee@
fipa.or.kr"
이찬희,30,밀양/,134-771,"서울 강동구 둔촌1동
주공아파트 110-2002",,,"010-
490-7418"
이창근,30,창녕/65,413-771,"경기도 파주시 금촌2동
새꽃마을 306-403",K.T 텔레캅,"031)
943-6563","010-
6775-5847
aladd@
naver.com"
이창기,27,청도/,463-828,"경기도 성남시 장미로 55,
111-602(야탑동,장미마을A)",,,
이창기,27,청도/37,410-717,"경기도 고양시 일산동구 강석로 152, 714-502  (마두동, 강촌마을7단지아파트) ","전)창문인쇄
/대표","02)
2266-9596","019-
266-9594"
이창동,30,청도/75,446-954,"용인시 기흥구 사은로 126길 10, 101-603(보라동,민속마을 쌍용A)",,,"010-
3205-3571"
이창수,34,안동/66,137-753,"서울 서초구 방배선행길 1, 109-1203(방배동, 우성아파트)  ","시티은행
(참판공파임청각주손)","02)
586-3701","010-
3208-7585"
이창형,31,안동/36,410-821,"경기도 고양시 일산동구
식사동 621-10 
낙원빌라 가-107",,"031)
965-3945",
이채기,27,청도/,122-813,"서울 은평구 연서로21길 5
(갈현동)",,,
이철희,30,밀양/43,405-250,"인천시 남동구 장자로5번길 17, 103동302호 
 (장수동) 
","동희건설㈜
/대표이사",,"010-
5658-5251"
이   청,29,청도/40,135-796,"서울 강남구 도곡로43길 21, 101-2001  (역삼동, 래미안그레이튼) ",,"02)
557-1713","010-
9060-1713
twh001@
nate.com"
이충기,27,청도/38,143-904,"서울 광진구 긴고랑로4길 53, 101호  (중곡동, 호동아파트)  ",,"02)
465-5482","016-
287-5482"
이칠형,31,안동/30,133-777,"서울 성동구 행당로 84, 117-501 (행당동, 행당 한진타운)
","전)초등학교
          /교장","02)
2282-0696","019-
243-1102"
이쾌동,30,청도/39,132-759,"서울 도봉구 도봉로180길 6-23, 103-105 (도봉동, 동아에코빌아파트) ",,"02)
927-7807","010-
6318-1080
s_1080@
hanmail.net"
이태기,27,청도/,153-764,"서울 금천구 금하로 793,
109-306(시흥동,벽산1단지)",,"02)
894-0968",011-665-0967
이태영,31,안동/36,156-839,서울 동작구 상도로15다길 22  (상도동),,,"011-
785-7223
"
이태형,31,밀양/71,427-739,"경기도 과천시 별양로 12, 310-1702  (원문동, 래미안슈르아파트) ",,"02)
3285-7305","010-
5407-7193"
이태형,31,안동/77,422-811,"부천시 소사구 소사동
142-25",,,"010-
5665-7184"
이태형,31,안동/51,138-240,"서울 송파구 신천동 820
파크리오@ 306-2003","조달청
/서기관","02)
421-3416","010-
2610-6940"
이태훈,29,안동/60,412-745,"경기도 고양시 덕양구 화정
동 옥빛마을@ 1505-502",,"031)
814-8006","011-
9995-2410"
이택형,31,안동/56,152-770,"서울 구로구 구로5동
롯데@ 108-1301",,"02)
865-7869","011-
295-6465"
이필원,29,청도/42,446-954,"용인시 기흥구 사은로
126번길 10, 101-603
(보라동민속마을 쌍용A)",,"031)
274-0556","010-
3703-5445
pilwl@
hanmail.net"
이항증,33,안동/39,135-913,"서울 강남구 봉은사로30길 31, 201호  (역삼동, 펠리스빌)  ","전)조흥은행
/지점장
광복회경북지부장
",,"010-
4212-6705
hj1225@
daum.net"
이현철,28,의성/57,120-822,"서울 서대문구 북아현2동
238-1",푸른자원/대표,"02)
336-8400
02)
363-9236","011-
781-9236"
이형걸,31,안동/65,110-797,"서울 종로구 통일로 246-10, 101동607호  (무악동, 무악현대아파트) ",,"02)
722-1580","011-
275-3582"
이형균,31,안동/76,158-072,"서울 양천구 신정2동
롯데케슬@ 104-1209",아동도서,"02)
2647-5474",
이형도,31,안동/36,480-759,"경기도 의정부시 오목로 36, 106-1103 (용현동, 현대1차아파트)",,"031)
846-0043","010-
6511-0846"
이형민,31,안동/73,158-072,"서울 양천구 신정2동
롯데케슬@ 104-1209",아동도서,"02)
2647-5474",
이형식,31,안동/49,139-757,"서울 노원구 동일로 1456, 712-1005  (상계동, 상계주공7단지아파트) ","㈜KWM
산업기술",,"010-
3732-9557"
이형중,31,안동/39,135-891,"서울 강남구 논현로 157길
18, 4층(신사동) ",동강폼(주)/대표,"02)
542-1085","010-
3225-1085
dongkang9300
@hanmail.net
"
이형직,31,안동/69,463-728,"경기도 성남시 분당구 내정로 152, 133-1202 (수내동, 파크타운롯데아파트)","삼성전자DMC
연구소/수석연구원(공학박사)","031)
605-9361","hlee7241@
naver.com
"
이형진,31,안동/54,480-935,"경기도 의정부시 능곡로 70, 107-2502  (신곡동, 으뜸마을신명아파트) ",,,"010-
9837-1472"
이형태,31,청도/58,158-759,"서울 양천구 목동서로2길 22, 105-1104 (목동, 한신청구아파트)",서울도시가스,,"011-
745-6784"
이혜준,32,청도/79,137-764,"서울 서초구 반포대로 275, 119-903 (반포동, 래미안퍼스티지아파트)","마리아병원
/과장","02)
2250-5555","010-
5229-9697
hyejunlee@
gmail.com"
이호동,30,청도/73,446-954,"용인시 기흥구 사은로
126길 10, 101-603
(보라동민속마울 쌍용A)",,,"010-
2075-0172"
이호진,33,안동/74,463-753,"성남시 분당구 정자동
정든마을우성(A) 612-1503",,,"016-
338-6084"
이호헌,31,창녕/71,415-773,"경기도 김포시 고촌읍 신곡
로 48, 502-901 (강변마을월드메르디앙아파트)","대한항공
/자금부차장",,"010-
6284-3168"
이화용,32,안동/47,446-754,경기도 용인시 기흥구 중동 성산마을 서해그랑블@3102-501,,"031)
275-8470","010-
3664-8472"
이회기,27,청도/44,423-738,"경기도 광명시 철산로 13-12, 102-1201  (철산동)  ",,"02)
2686-2450","016-
630-2458"
이효기,27,청도/30,446-976,"경기도 용인시 기흥구 죽현로 12, 301-1003 (보정동, 죽현마을동원로얄듀크A) ",,"031)
889-2601",
이희엽,32,/,410-744,"경기도 고양시 일산동구 노루목로80, 304-702(장항동,호수마을3단지아파트)",KBS기자,"02)
545-3976",
思菴公派 ,,,,,,,
성명,세수,본향/생년,거주지,,직업,연락처,
,,,우편번호,주소,직장/직위,집/직장,핸드폰/ e-mail
이건호,31,파주/79,413-811,경기도 파주시 월롱면 용상골길 119   ,농업,"031)
945-5240","010-
8447-5240"
이관경,30,성남/70,447-300,"경기도 오산시 현충로 72길 41, 101-801 (은계동, 현대아파트) ",,,
이관영,28,파주/60,480-919,"경기도 의정부시 회룡로 138길 18, 201-705 (호원동, 우남아파트)  

",,,"010-
4337-8663"
이광근,31,연백/72,152-762,"서울 관악구 성현동 
동아@ 110-2103",,"02)
878-5559","010-
5224-9396"
이광민,29,연백/66,421-824,경기도 부천시 오정구 삼작로507길 15  (작동)   ,,,"010-
3268-2004"
이광성,31,연백/58,423-829,"경기도 광명시 디지털로24, 1020-2504 (철산동,푸르지오하늘채아파트)",,"02)
2689-4190","017-
250-3753"
이광현,31,연백/56,429-729,"경기도 시흥시 대은로 104길 25, 103-1701 (은행동, 두산
아파트) ",,,"010-
3611-7278"
이규환,30,/42,413-823,경기도 파주시 조리읍 봉천로 40-1  ,,,"010-
4780-3411"
이기남,30,파주/53,138-890,"서울 송파구 잠실3동
잠실트리지움 321-3103",,,"010-
5176-1135"
이기남,29,성남/53,440-301,"경기도 수원시 장안구 정자로130길 35-10, 가-301 
(정자동, 현대빌라) ",,"031)
245-6503","018-
314-6503"
이기돈,29,성남/58,463-835,경기도 성남시 분당구 벌말로39길 8-3  (야탑동) ,,"031)
703-9916","011-
753-9916"
이기만,29,성남/51,425-838,"경기도 안산시 단원구 신길중앙로8길 8, 201호  (신길동) ",,"031)
492-3154","010-
492-3154"
이기범,30,파주/60,472-845,"경기도 남양주시 화도읍 마석로 110, 103-602 (신도브래뉴아파트)    ",,,"010-
5067-6181"
이기복,29,성남/45,143-916,"서울 광진구 아차산로29길 67-3, 2층  (화양동) ",,"02)
464-2714","010-
5462-8625"
이기석,29,성남/47,487-891,경기도 포천시 영북면 호국로3552길 21-33  ,,"031)
534-5399",
이기선,29,성남/56,464-746,"경기도 광주시 오포읍 양벌로 375, 203-1302(대주2차아파트) ",,,"010-
8807-1187"
이기설,29,성남/51,467-822,경기도 이천시 호법면 안평로 202,,,"011-
713-4786"
이기성,30,파주/43,410-787,"경기도 고양시 일산동구 숲속마을1로 87, 508-1803 (풍동, 숲속마을5단지아파트) ",,,"011-
9080-4617"
이기성,30,당진/56,152-906,"서울 구로구 부일로1다길 22-3, 302호(온수동, 신태흥목화빌라) ",,,"010-
9955-9920"
이기수,29,성남/40,131-846,"서울 중랑구 신내로 21길 16,  508-601(묵동,신내대림아파트)  ",,"02)
3421-6743","010-
4144-7621"
이기순,30,당진/54,465-716,"경기도 하남시 덕풍공원로 38-1, 105-1501(덕풍동, 자이
아파트) ",,,"010-
5493-4703"
이기열,29,성남/,461-813,경기도 성남시 수정구 수정로170번길 23-5  (신흥동) ,,"031)
754-1019",
이기엽,29,성남/57,463-835,"경기도 성남시 분당구 야탑로153길 13, 301호  (야탑동)  ",,"031)
706-3272","010-
5300-0227"
"이기영
(상열)",29,성남/22,136-051,서울 성북구 동소문로20나길 8  (동선동1가) ,,"02)
998-2188","017-
285-2188"
이기웅,29,성남/55,429-090,"경기도 시흥시 매화로 145, 105-1802(도창동, 에이스
아파트) ",,"02)
2685-2520",
이기윤,29,성남/48,157-873,"서울 강서구 화곡5동 
1062-12",,"02)
2262-9897","011-
9026-7244"
이기은,29,성남/60,423-739,"경기도 광명시 디지털로 64, 110-404 (철산동, 철산한신
아파트) ",,"02)
891-0901","019-
264-0902"
이기재,30,서울/74,420-751,"경기도 부천시 원미구 장말로 102, 1807-805 (상동, 반달마을아파트)  ",,,"010-
5591-1305"
이기재,29,성남/60,467-863,경기도 이천시 부발읍 대산로 506   B-201 (정민주택),,,"010-
5314-4067"
이기종,29,성남/47,440-845,경기도 수원시 장안구 조원로90길 25  (조원동)  ,,,
이기준,29,성남/46,467-842,경기도 이천시 신둔면 원적로159길 90-53  ,,"031)
764-6341","010-
6385-1237"
"이기찬
(대길)",29,성남/40,477-823,경기도 가평군 상면 비룡로 2028  ,,"031)
585-5595","010-
3342-6669"
이기표,29,성남/63,143-873,"서울 광진구 자양로3가길 5, 
302호  (자양동)  ",,"02)
3436-5388","017-
340-5385"
이기항,29,성남/58,420-033,"경기도 부천시 원미구 상3동
뜨란채@ 2108-1301",,"032)
322-0774","010-
8901-5292"
이기호,32,/50,152-765,"서울 구로구 새말로 93, 107- 804 (구로동, 신도림태영타운아파트) ",,,"010-
7731-0007"
이기호,29,성남/43,462-838,경기도 성남시 중원구 둔촌대로 271  (하대원동)  ,태창한의원,"031)
758-9595",
이기홍,30,당진/45,142-070,서울 강북구 수유4동 558-15,,"02)
905-3394","018-
205-3394
"
이기홍,30,서울/44,143-825,"서울 광진구 자양로22길 86. 
5층 (구의동) ",,"02)
3437-5291","010-
3417-4476"
이기홍,29,성남/55,461-300,"성남시 수정구 고등동 
445-23",,"031)
723-8092",
이기환,29,성남/39,463-827,경기도 성남시 분당구 야탑로111길 25  (야탑동)  ,,"031)
756-9807","010-
5858-9807"
이기훈,29,성남/46,476-890,"경기도 양평군 개군면 
내리길 45  ",,,
이길영,28,/40,120-825,"서울 서대문구 연희로 89-4, 301호 (연희동, 진양빌리지)","㈜코리아
비알티/대표","02)
335-7233","010-
6315-7233
lky7233@
nate.com"
이길한,32,파주/44,413-709,"경기도 파주시 한마음2길 33, 306-1011(금촌동, 장미아파트) ",상업,"070-7519
-5240","010-
2305-9897"
이길홍,29,고성/52,132-789,"서울 도봉구 노해로70길 19, 1901-307 (창동, 주공19단지
아파트)",,"02)
995-1861","011-
9017-1861"
이녹영,30,화성/38,445-958,경기도 화성시 팔탄면 무하로 226,,"031)
256-2660","010-
5556-2660"
이대진,31,     /38,157-865,"서울 강서구 양천로65길 45, 102-504 (염창동, 염창길훈아파트)","전) 
대한의사협회
    /보건국장","02)
3665-9142","010-
8722-0716"
이대현,31,연백/61,425-901,"경기도 안산시 단원구 광덕3로 201, 314-702 (고잔동, 안산고잔3차푸르지오)  ",,,"011-
235-2411"
이동광,31,화성/67,441-750,"경기도 수원시 권선구 금호로15길 15, 103-910호 (금곡동, 신미주아파트) ",,"02)
2664-7078","010-
3327-2163
dickyzzz@
hanmail. Net"
이동규,28,성남/45,480-713,"경기도 의정부시 용현로 143, 201-1205 (민락동, 산들마을길훈아파트)",,"031)
852-4408","011-
336-4402"
이동균,31,화성/,150-840,서울 영등포구 도신로54길 5-12  (신길동) ,"㈜한화
  /전산실장",,"010-
3290-4670"
이동근,30,연백/63,442-700,"경기도 수원시 팔달구 덕영대로735길 18, 103-603 (화서동, 화서한진현대아파트) ",,"031)
251-8149","010-
7251-8149"
이동기,31,  화성 /52,445-913,경기도 화성시 팔탄면 시청로677길 8 (회사주소),"주영전자/회장
골피오/회장","031)
354-4344","010-
5255-5916"
이동범,30,연백/62,157-222,"서울 강서구 방화2동 897-24
우성연립 B-201호",,"02)
2665-4342",
이동빈,28,성남/40,449-561,"경기도 용인시 기흥구 마북로 139, 103-202 (마북동, 현대필그린아파트)  ",,"031)
287-1860","010-
9163-1860"
이동성,30,연백/64,420-833,"경기도 부천시 원미구 지봉로143길 38, 201-209 (역곡동, 역곡1동 e편한세상)",,,"010-
2329-6902"
이동식,33,대전/70,121-798,"서울 마포구 월드컵
북로47길 8, 104-704  
(상암동, 상암월드컵아파트) ",,,"010-
9023-3573"
이동식,32,화성/60,,,,,"010-
3259-3638"
이동열,29,/33,423-060,"경기도 광명시 가림로 38, 503- 1004 (하안동, 하안주공아파트5단지) ",,"02)
898-3554","010-
9740-3554"
이동영,28,파주/62,413-862,경기도 파주시 파주읍 화약골길 33  ,"한국농아협회
/파주시지부",,"010-
4159-4117
leedy62_1@
msn.com"
이동혁,30,연백/67,407-705,"인천시 계양구 용정로26, 410-201  (아주아파트) ",,"032)
541-0308","010-
2880-9714"
이동호,31,/77,143-825,"서울 광진구 자양로22길 86, 5층  (구의동) ","현대카드 
광나루지점
/사원",,"010-
7659-7870
dodo10100404
@hanmail.net"
이두식,33,화성/59,120-092,"서울 서대문구 홍제2동 산11-
244, 101-308 (새한숲속마을아파트)","명프로세스
/대표
   (인쇄업)",,"010-
5288-4301"
이명열,29,당진/62,157-897,"서울 강서구 곰달래로59길 36, 401호 (화곡동, 성삼하이츠아파트)  ","강서구청
   /세무1팀장",,"010-
2736-0528"
이명한,32,파주/52,413-964,"경기도 파주시 한빛로 67, 201- 1103 (야당동, 한빛마을2단지휴먼빌레이크팰리스) ","현대자동차
파주교하지구
/과장","031)
944-6514","010-
2346-5363"
이민경,30,성남/43,132-858,"서울 도봉구 도봉로 133길 40-6, 나-202  (쌍문동, 상원빌라)  ",,"02)
998-2505",
이민영,28,파주/41,153-832,서울 금천구 시흥대로 100길 29  (독산동) ,,"02)
804-7024","010-
8788-7024"
이   백,28,평택/43,130-779,"서울 동대문구 망우로 9, 101-903  (휘경동, 롯데아파트) ",,"02)
2245-8585","010-
2009-8885"
이백영,30,화성/40,445-703,"경기도 화성시 시청로 221, 107-1102 (남양동, 대광A) ",,"031)
356-6838",010-5238-6838
이보경,30,성남/60,429-829,"경기도 시흥시 삼미시장 4길 
18  (신천동)  ",,"031)
314-0148",
이부진,31,산청/38,157-865,"서울 강서구 양천로65길 45, 102-504 (염창동, 염창길훈아파트)",,"02)
3665-9142","010-
8722-0716"
이상목,29,/68,120-734,"서울 서대문구 연희로32길 48, 103-1602 (연희동,성원아파트) ","중앙IC전자
/대표","02)
324-3522","010-
4624-7805
tino702@
gmail.net"
이상열,29,고성/59,137-763,"서울 서초구 방배선행길2, 102-403 (방배동, 방배래미안아파트) ",하나은행개포 /지점장,"02)
577-1111","010-
4265-3411
sangyeollee50
@gmail.com"
이상호,33,/71,463-943,"경기도 성남시 분당구 정자일로 1  (금곡동, 코오롱트리폴리스) ",,,"010-
2855-2270
hobarfda@
naver.com"
이상훈,30,연백/62,461-819,"경기도 성남시 수정구 
복정로48 (301호)",,,"010-
4818-7233"
이새벽,29,화성/55,157-818,"서울 강서구 송정로
1길 9  (공항동) ","고성물산/대표
-순창고추장
선물세트",,"010-
9394-5312"
이석볌,30,화성/60,441-714,"경기도 수원시 권선구 권중로 99, 808-801 (권선동, 벽산한성아파트) ","농림수산식품부
/품질관리원","031)
235-8463","010-
7380-6069
ksleesb@
korea.kr"
이석훈,34,,435-762,"경기도 군포시 산본로 296, 103-904 (금정동, 무궁화주공아파트) 
 ",포스켐,"031)
479-7001","010-
6340-9962
forcechem
@gmail.com"
이성경,30,성남/56,462-733,"경기도 성남시 중원구 둔촌대로 193, 102-616  (성남동, 현대아파트)  ",,"031)
754-5429","010-
5420-4434"
이성열,29,당진/47,158-826,서울 양천구 곰달래로5길 56-1  (신월동) ,"전)
한국노총사무처
/처장, 노동위원
대경부동산
/대표","02)
2604-3391","010-
5417-3837
lsy3837@
hanmail.net"
이성영,30,화성/61,158-728,"서울 강서구 목동로 339, 
D-809 (목동, 트읜트빌)","우리은행강서
  /지점장",,"010-
3596-9601"
이성호,31,파주/52,138-787,"서울 송파구 오륜동
올림픽선수촌A 103-202",,,"010-
7719-1029"
이세림,28,연백/39,139-913,"서울 노원구 월계로45가길 94, 402-101 (월계동, 월계청백4단지아파트)   ",,"02)
995-6649","011-
9022-6543"
이세웅,29,화성/,445-958,"경기도 화성시 팔탄면
하저리",,,"010-
9992-3094"
이솔찬,34,화성/86,120-092,"서울 서대문구 홍제2동 산11-
244, 101-308 (새한숲속마을아파트)",삼성전자근무,,"010-
7665-5845"
이숭겸,28,,462-743,경기도 성남시 중원구 광명로 377  (금광동)  ,"신구대학교
 /총장","학교 031)
740-1114",
이승민,29,연백/82,151-883,"서울 관악구 난곡로 24가길
66-15 (신림동)",,,"010-
8728-3235"
이승열,29,서산/43,420-860,"경기도 부천시 원미구 상동
527-3, 2223-1502 (효성센트럴타운)
",국가유공자,,"010-
5346-9053"
이승일,32,포천/61,461-801,"경기도 성남시 수정구 수정남로329번길 9-2, 2층  (산성동)",,,"010-
2625-2811"
이연홍,29,고성/48,445-330,경기도 화성시 삼성1로 320  (반월동) ,,"031)
204-3183","010-
2211-3183"
이   영,28,고성/44,132-774,"서울 도봉구 도봉로150길 42, 109-104 (방학동, 삼성래미안아파트2차) ",,"02)
907-0531",011-260-7360
이영경,30,성남/60,440-801,"경기도 수원시 장안구 송원로13번길 39-1, 402호  (송죽동, 현진빌라) ",,,
이영규,31,성남/86,440-070,"경기도 수원시 팔달구 인계동
극동스타클래스@ 105-501",,"031)
255-9936",
이영규,31,성남/65,461-808,경기도 성남시 수정구 수정로 316  (신흥동),,,"019-
689-6150"
이영길,29,성남/42,157-877,"서울 강서구 강서로18아길 34  (화곡동, 탐나빌라) ",,"02)
2606-3585","010-
5712-3585"
이영남,27,남양/47,441-863,"경기도 수원시 권선구 세류
3동 97-154","교직
/정년퇴임","031)
233-6195","016-
339-6195"
이영민,31,성남/78,461-160,경기도 성남시 수정구 수정남로 184길 3-6  (신흥동) ,,"031)
743-1443","016-
785-1443"
이영빈,29,연백/62,140-869,서울 용산구 청파로 43다길 8-21  (청파동3가) ,,,"010-
5285-5244"
이영석,29,연백/55,140-132,서울 용산구 청파로53길 18  (청파동2가) ,,"02)
713-5244","010-
7605-0755"
이영선,31,성남/57,462-829,"경기도 성남시 중원구 제일로63길 11 (성남동, 삼성빌리지) ",,"031)
758-0403","016-
336-0403"
이영열,27,/44,135-860,"서울 강남구 도곡1동 944-5
렉스빌라 102","전)
은행지점장","02)
3462-6288","011-
781-6288"
이영우,31,성남/61,120-093,"서울 서대문구 세무서길 106-12, 102-205 (홍제동, 인왕산벽산아파트) ",,"02)
395-4752","019-
209-7567"
이영진,32,화성/50,150-849,"서울 영등포구 도림로 323, 라- 305 (신길동, 건영아파트)   ","
","02)
844-6364","010-
4723-6367"
이영찬,34,화성/75,157-016,"서울 강서구 공항대로48길 12,  1001-1302 (화곡동, 화곡보람아파트)  ",프로그래머,"02)
2691-7078","010-
9644-7078
pcyclee@
hanmail.net"
이영철,29,,151-848,"서울 관악구 낙성대동 
1615-16, 101호",,,"010-
5239-4798"
이영희,29,화성/,445-921,경기도 화성시 향남읍 만년로151번길 6-1  ,,,"010-
6273-7851"
이   옥,31,/,135-787,"서울 강남구 압구정로29길71,
20-305(압구정동,현대아파트)",한국관광공사,02)844-6364,
이왕준,29,연백/67,250-831,강원도 홍천군 서석면 효제곡길 171 ,,"033)
433-4182","010-
5379-7805
airtek@
naver.com"
이용상,27,성남/56,446-859,"경기도 용인시 기흥구 용구대로 2469길 20, 101-503 (보정동, 자이아파트)  ",,"031)
749-7078","017-
202-7078"
이용우,29,성남/,426-860,"경기도 안산시 상록구 일동로 33, 301호  (일동) ",,"031)
438-7500",
이우상,27,성남/36,131-877,"서울 중랑구 동일로 752, 102- 2103 (중화동,중화한신아파트) ",,"02)
494-8160",
이욱영,30,화성/58,133-100,"서울 성동구 독서당로40길 37, 106-1102(옥수동,옥수어울림) ","하나은행대치
동/지점장",,"010-
5250-0901"
이운배,32,화성/55,445-904,경기도 화성시 봉담읍 최루백로 420-4 ,상업,,"010-
5218-2810"
이   원,28,천안/70,135-786,"서울 강남구 압구정로29길71,
106-302(압구정동,현대아파트)","대법원
/부장판사","02)
547-4032","010-
3899-4032"
이원석,30,성남/68,437-070,"경기도 의왕시 원골로 13, 101- 602  (오전동, 국화아파트)",,"031)
456-4825","010-
7979-4825"
이원탁,29,성남/,462-100,경기도 성남시 중원구 여수울로 15길 14-3  (여수동)  ,,,
이윤덕,32,    진주/43,110-797,"서울 종로구 통일로 246-20, 108-403  (무악동, 무악현대아파트)",,"02)
3436-6320","010-
9010-5320
yodulee@
hanmail.net"
이윤모,33,서울/76,122-010,"서울 은평구 응암동
백련산힐스테이트 208-1003","
",,"donghwalabel
@hanmail.net"
이윤수,28,파주/45,413-862,"경기도 파주시 파주읍 
화약골길 39",,"031)
952-7298","010-
9852-7298
yslkby@
hanmail.net"
이인석,29,연백/75,404-785,"인천시 서구 가정로 387, 112-1205  (신현동
e편한세상하늘채A)",,,"010-
2958-8745"
이인환,28,파주/43,412-719,"경기도 고양시 덕양구 성신로 99, 1908-1004 (행신동, 햇빛마을19단지아파트) ",,"031)
973-0266","019-
250-6958"
이장원,28,파주/62,120-812,서울 서대문구 증가로19길 9  (북가좌동) ,동화인쇄공사,"02)
306-9826","010-
5338-9826
15won1962@
hanmail.net"
이장현,,성남/69,142-824,서울 강북구 삼양로 59가길 8-2  (미아동) ,,"02)
981-1508","010-
8207-3899"
이재경,30,성남/60,443-811,"경기도 수원시 영통구 영통로 232, 823-303 (영통동, 우성아파트) ",,"031)
529-061",
이재기,27,/39,137-824,서울 서초구 서초대로23길 3-4  (방배동) ,,"02)
534-1948","010-
7303-1939"
이재열,29,서산/53,422-833,"경기도 부천시 소사로 153-11
(소사본동)",서광천막/대표,,"010-
5278-6489"
이재용,32,화성/48,445-921,경기도 화성시 향남읍 뺄래길 6 ,,"031)
215-8012","010-
9084-8001"
이재현,32,연백/,151-762,"서울 관악구 성현동 
동아@ 110-2103",,,
이정호,32,/47,137-793,"서울 서초구 바우뫼로 89, 105- 906 (양재동, 우성아파트) ",,,"016-
242-5179"
이정호,32,/38,423-737,"경기도 광명시 철산로 57, 1304-1201 (철산동, 주공아파트)",,"02)
2682-8995","010-
6320-0133"
이정호,31,파주/75,143-836,"서울 광진구 광나루로
304길 306-6, 201호",,,"010-
6340-1309"
이정호,26,성남/35,430-835,"경기 안양시 만안구 안양4동
성원쌍떼빌1차@ 504-110",,,
이종만,28,성남/44,131-834,"서울 중랑구 용마산로62길 54, A- B101  (면목동, 동아빌라) 
",,"02)
2207-4705","016-
343-6299"
"이종성
(종민)",28,성남/57,132-920,서울 도봉구 도봉로 104길 91-5  (창동) ,,"02)
906-7622","011-
472-7622"
이종오,28,성남/31,463-835,경기도 성남시 분당구 벌말로49길 16-1  (야탑동) ,,"031)
703-6406","016-
9277-6406"
이종용,28,연백/55,151-883,"서울 관악구 난곡로 24가길 66-15 (신림동)
",,"02)
853-6933","011-
9127-6933"
이종우,29,화성/83,445-958,"경기도 화성시 팔탄면
하저리 36-9",,"031)
356-0894",
이종욱,28,/,137-907,"서울 서초구 나루터로 4길 28  (잠원동, 신반포8차한신아파트)  305-501",,,"010-
8730-0779"
이종육,28,연백/35,421-824,경기도 부천시 오정구 삼작로507길 15  (작동)  ,,"032)
678-8578","010-
3210-8578
jrlee1046@
hanmail.net"
이종필,28,연백/,122-826,"서울 은평구 녹번로 6길5-6, 501호  (녹번동)",,,"010-
7942-7783"
이종호,29,화성/69,471-773,"경기도 구리시 동구릉로 129길 23, 108-2101 (인창동, 대림2차이편한세상아파트) ","동방문화사
/대표","02)
2233-8413","010-
6323-8413"
이종환,28,성남/73,463-765,"경기도 성남시 분당구 불정로 361, 506-101 (서현동, 효자촌삼환아파트) ",,,"017-
251-9114"
이종훈,28,연백/57,152-130,"서울 구로구 천왕로 91, 104- 805 (천왕동, 천왕이펜하우스1단지) ",,,"010-
5498-4589"
이주만,27,성남/39,431-818,경기도 안양시 동안구 비산로22길 15  (비산동)  ,,"031)
449-9114","017-
203-9114"
이주석,27,성남/69,430-750,"경기도 안양시 만안구 병목안로 103, 206-907(안양동, 프라자아파트)  ",,,"011-
9007-9548"
이주섭,27,성남/63,461-803,"경기도 성남시 수정구 수정남로 283길 8, 2층  (산성동) ",,,"016-
230-1725"
이주성,27,성남/66,446-723,"경기도 용인시 처인구 동백지구 호수마을동보노블리지
1205-1304",,,"011-
412-7651"
이주현,27,성남/68,462-834,"경기도 성남시 중원구 자혜로17번길 16, 104-301 (은행동, 현대아파트) ",,,"011-
704-6446"
이주형,27,성남/58,446-907,"경기도 용인시 기흥구 신갈로 100, 106-403 (신갈동, 원대마을한신아파트) ",,"031)
285-7663","011-
390-1322"
이주환,27,성남/60,467-747,"경기도 이천시 증신로 291길 105, 106-1305 (송정동, 수림1차아파트) ",,,"011-
793-6350"
이준경,30,성남/53,476-813,경기도 양평군 서종면 내문호길 3   ,,,"016-
9225-9195"
이준모,33,화성/48,157-010,"서울 강서구 공항대로48길 12, 1001-1302 (화곡동, 화곡보람아파트) ","감리회사/이사
한국전기협회부설기술교육원/강사","02)
2691-7078","010-
3234-7078
mo1192@
naver.com"
이지영,29,연백/38,406-810,"인천시 연수구 함박안로62길 84, 301호 (연수동)",,,"010-
9170-0967"
이지영,30,화성/,445-958,경기도 화성시 팔탄면 상하저길 69-2   ,,"031)
356-7252","010-
3335-7252"
이진욱,30,연백/68,136-772,"서울 성북구 북악산로 813, 103- 602 (정릉동, 정릉우성아파트)
",,"02)
917-5711","010-
4722-5719"
이진학,30,당진/32,142-875,서울 강북구 삼양로 77가길 20-9  (수유동)  ,,"02)
988-9703","010-
9294-9703
"
이창근,29,연백/57,135-989,"서울 강남구 개포로623,
대청타워 1139호 (개포동)",,"02)
451-9720","010
2248-0688"
이창호,29,연기/39,137-863,"서울 서초구 강남대로37길 56-9, 301호  (서초동) ","이창호세무
회계사무소
 /세무사","02)
3443-3554","010-
5283-3554
chlee40@
hanmail.net
"
이창환,34,화성/78,157-018,"서울 강서구 공항대로48길 12, 1001-1302 (화곡동, 화곡보람아파트)  ",전기공사업체 /대표,"02)
2691-7078","dlckdghks78@
hanmail.net"
이천영,28,파주/65,157-773,"서울 강서구 화곡로 13길 107, 146-1304 (화곡동, 화곡푸르
지오)",,"02)
2698-5912","010-
5206-7432"
이춘길,29,성남/41,463-856, 경기도 성남시 분당구 야탑로139길 10-7  (야탑동) ,,"031)
701-9766","010-
5281-6524"
이태훈,34,화성/80,157-018,"서울 강서구 공항대로48길 12, 1001-1302 (화곡동, 화곡보람아파트) ","도루코산업
멕시코공장
/대리","02)
2691-7078","redcrogen@
naver.com"
이택충,33,태안/63,425-807,"경기도 안산시 단원구 화정천동로 50, 301호  (고잔동) ","에이엠상사
/대표",,"010-
3788-0841
thun8848@
Hanafos.com"
이한수,30,/,441-821,경기도 수원시 권선구 세지로126길 7  (권선동) ,,,"010-
5398-6009"
이행원,27,천안/39,152-765,"서울 구로구 새말로 93, 113-1201 (신도림태영타운A)","전) 한국일보/
논설위원","02)
863-3724","010-
8352-2260"
이형석,30,성남/72,472-762,"경기도 남양주시 진접읍 장현로 175, 103-711 (신동아
아파트)  ",,,
이호철,28,금천/22,413-775,"경기도 파주시 문산읍 독산로 7, 104-1202 (장안아파트)",,"031)
952-1545",
이화림,28,연백/36,121-827,서울 마포구 월드컵로25길 54  (망원동) ,"금성통신
중부대리점","02)
337-0677","010-
4362-6677
"
이화영,28,연백/38,446-853,"경기도 용인시 기흥구 이현로29길 86-5, 105-702 (보정동, e-편한세상대림A)  ","전) 
화도건설㈜
/대표이사","031)
272-1124","010-
5229-5642"
이효정,29,연백/85,151-883,"서울 관악구 난곡로 24가길
66-15 (신림동)",,,"010-
3946-1017"
이흥열,29,당진/26,420-802,"경기도 부천시 원미구 부천로366길 93, 나-104 (도당동, 우남아파트)",,,"016-
641-4329"
이흥원,30,/50,441-450,"경기도 수원시 권선구 호매실로 165길 70, 508-202 (호매실동, 휴먼시아15단지A)",,,"010-
8650-6103"
이희영,29,연백/34,157-812,서울 강서구 공항대로 8길 37  (공항동) ,,"02)
2666-1212","017-
203-1212"
  桃村公派  ,,,,,,,
성명,세수,본향/생년,거주지,,직업,연락처,
,,,우편번호,주소,직장/직위,집/직장,핸드폰/ e-mail
이각모,33,포천/45,463-958,"경기도 성남시 분당구 성남대로 449,  B-2001 (정자동, 로얄팰리스)",㈜동방/대표이사,"02)
546-8366","010-
9154-8366
db@dongbangah.com"
이강흠,31,통영/52,431-052,"경기도 안양시 동안구 안양천동로 162, 105-1002 (비산동, 비산힐스테이트아파트)
",,,"010-
4408-2316"
이경모,33,화성/57,426-820,"경기도 안산시 상록구
부곡로 4길 17-1, 202호",자영업,,"010-
5682-5971"
이국훈,28,성천/30,136-864,"서울 성북구 종암로 18길 22, 302호 (종암동,노블레스타워)",국일볼트/대표,,010-9039-9949
이군현,30,통영 /52,137-836,"서울 서초구 방배로26길 41,  101-304(방배동, 롯데캐슬로제) ",새누리당/국회의원,"02)593-2265
02)784-2186","010-
5222-4677
koonhyonlee
@hanmail.net"
이긍호,30,포천/37,136-075,서울 성북구 인촌로 24가길 13-5  (안암동5가),,"02)
926-1175",
이기반,30,통영/,477-814,경기도 가평군 청평면 상천역로 19길 12-1  ,,"031)
585-2739","010-
9139-7726"
이기수,30,포천/55,463-720,"경기도 성남시 분당구
정자1로 46, 203-1301(금곡동 청솔마을) ","전)
경기경찰청","031)
719-8852","010-
5315-4588
lks5519@
hanmail.net"
이기준,30,아산/38,140-751,"서울 용산구 이촌로 347, 3-102 (서빙고동, 신동아아파트) ","전) 
서울대총장
전)교육부총리","02)
794-2208","010-
8980-5151
kijunlee@
snu.ac.kr"
이기준,30,/,463-958,"서울 성북구 종암로18길 22, 302호(종암동,노블레스타워)",,,
이기표,30,통영/37,426-812,"경기도 안산시 상록구 본원로5안길 53, 101호  (본오동)",,,"010-
2573-4170"
이기홍,30,통영/53,440-200,경기도 수원시 장안구 송원로 86길 10-5 (조원동),소망세탁,"031)
254-5757","010-
4259-4551"
이덕모,33,포천/51,446-940,"경기도 용인시 기흥구
보정동동아솔레시티아파트 127동 1902호",,,"011-
8763-6221
ldmo6221@
hanmail.net"
이명모,33,서울/52,441-704,"경기도수원시 권선구 금곡로73길 71.  406-2002
(금곡동, 엘지빌리지A)","㈜한울
/대표이사","031)
278-3147","010-
2338-0431
lmm0323@
chol.com"
이병태,31,/38,448-537,"경기도 용인시 수지구 신봉1로 110, 501-1102 (신봉동, 신봉마을엘지빌리지5차아파트)   ",,"031)
262-6496","010-
2746-4310
hsdtlee@
naver.com"
이성모,33,화성/54,459-702,"경기도 평택시 경기대로
1144, 201동306호
(장당동제일하이빌A)","전)동원기업
/부장",,"010-
9965-3257"
이성호,31, 포천/38,463-827,"경기도 성남시 분당구 야탑로 125, 102-204 (야탑동, 아이파크아파트) ","한양대
영어영문
학/교수. 
전)부총장","031)
702-5235","010-
2418-0742
sunghlee@
hanyang.
ac.kr"
이소영,31,연천/81,131-751,"서울 중랑구 동일로 101길 63, 5-108 (면목동,면목한신아파트) ","㈜트랜스코스모스코리아
/팀장",,"010-
4934-2308
ssenaire@
hanmail.net"
이소정,31,연천/86,131-823,서울 중랑구 중랑천로10길 4  (면목동) ,도서출판아진,,"010-
7797-2095
thwjdsarang
@daum.net"
이승태,29,고성/73,136-775,"서울 성북구 솔샘로25길
28, 123-705 (정릉동, 풍림아이원아파트)",,,"010-
3393-5429"
이영호,31, 아산/39,133-769,"서울 성동구 고산자로
160, 113-1701 (대림강변타운아파트)","한국직업
기술진흥원
/이사장","02)
2296-6330","010-
9072-2205
ho2205@
paran.com"
이영흠,31,통영/46,448-512,"경기도 용인시 수지구 손곡로 53,  504-1505(동천동, 수진마을신명스카이뷰아파트)","예비역육군
대령","031)
264-7381","010-
5475-7387
youngheum2
@nate.com"
이완호,30,연천/52,131-823,서울 중랑구 중랑천로10길 4  (면목동) ,"전)서울시청
/사무관","02)
2208-2095","010-
2385-4698
gh200600@
hanmail.net"
이우상,32,/37,140-773,"서울 용산구 이촌로 100-8, 105-602 (이촌동, 동아그린
아파트) ","전)대한항공
/수석기장",,"010-
3636-4081"
이원보,30,통영/,134-817,"서울 강동구 명일로 145, 501호  (둔촌동)  ","빅스타전자
상사/수출업","02)
470-8852","017-
752-8852
wonbolee@
hanmail.net"
이은경,32,통영/75,463-836,"경기도 성남시 분당구 벌말로 30길 46, 916호  (야탑동, 포레스토) ","한국전자통신
연구원IT보안
인증사무국","02)
796-9918","010-
4407-9649
ekyi@
ensec.re.kr"
이은모,33,서울/63,423-825,"경기도 광명시 오지로
949안길 6-5, 102호",전)에스콰이어/지점장,,"010-
5004-5438"
이인호,31,통영/45,135-877,"서울 강남구 삼성로 111길 8, 201-602 (삼성동, 힐스테이트2단지아파트) ","예비역육군
대령",,"011-
801-9354"
이재모,33,서울/76,156-725,"서울 동작구 상도로 320, 110-102 (상도동 중앙하이츠)","LG전자
/차장",,"010-
5778-5406
mechalee94
@naver.com"
이재원,33,서울/78,445-853,"경기도 화성시 동탄반석로 277, 123동1003호  (석우동, 우미린풍경채아파트) ","삼성전자SDC
/책임",,"010-3324-5358
jaewon5358@
gmail.com"
이정남,33,화성/42,156-819,"서울 동작구 사당로 9라길 36, 202호",전)동원기업사/대표,,"010-
7115-5890"
이정훈,31,포천/72,136-075,서울 성북구 인촌로 24가길 13-5  (안암동5가) ,,"02)
926-1175","010-
2723-1175"
이지영,34,서울/80,135-955," 서울 강남구 도산대로85길 40-8,  4층 (청담동) ","라미엔느/대표
-스와로부스키,
보석장식,
핸드폰케이스,
악세사리제조)","02)
511-7749","010-
5500-3147
lamienne1@
naver.com"
이창곤,30,/35,136-060,"서울 성북구 성북로4길 52, 108-205 (돈암동, 한신한진
아파트)",,"02)
927-2170","017-
752-2170"
이춘호,30,상주/57,152-100,"서울 구로구 경인로 248-13, 106-1806 (오류동, 동부
아파트) ","고성이씨종친회
사랑방카페","02)
2686-7541","010-
4589-5788"
이학준,30,고성/68,446-709,"경기도 광주시 오포읍 회안대로 90, 105-1203 (광주 오포 대성A)  ","금강측량
설계공사/대표","031)
761-8284
031)
768-8888","010-
5326-5514
gk8884@
hanmail.net
"
이한경,31,연천/,445-724,"경기도 화성시 반송동
시범타운마을
포스코더샆@316-303","㈜삼성전자/
수석연구원","031)
279-3518","010-
2531-1956
genlee23@
naver.com"
이한규,32,서울/46,403-817,"인천시 부평구 부평문화로115번길 20, 202호 (부평동, 첼시아파트) ","이한준법무사
사무소/대표",,"010-
5738-3114"
이한동,32,포천/34,137-170,"서울 서초구 염곡동
52-1",전) 국무총리,"02)
579-0030","011-
226-2111"
이한배,32,통영/,431-052,"경기도 안양시 동안구 안양천동로 162, 105-1002 (비산동, 비산힐스테이트아파트) 
","YTN기술국
제작기술부","02)
4370-2316","010-
4370-2316
leehb@
ytn.co.kr"
이한봉,32,서울/42,443-746,"수원시 영통구 권선로
908길 72, 101-1403(신동레미안마크원1단지)",전)동양시맨트㈜/이사,,"010-
6331-1469"
이한수,32,서울/34,150-803,서울 영등포구 국회대로34길 13  (당산동3가) ,,"02)
2633-1228","010-
5559-1138"
이한영,32,서울/44,137-797,"서울 서초구 신반포로23길 41, 106동 1008호  (잠원동, 신반포한신A)
","전)현대건설/이사
현)PCM
/건축기사","02)
591-3605","010-
591-0298
hyl2104@
hanmail.net"
이한준,32,서울/41,137-883,"서울 서초구 서초중앙로 146, 경원빌딩 102호 (서초동) 
-사무실","이한준법무사
사무소/대표","02)
536-4640
02)
591-2811~2","5912811@
hanmail.net"
이한진,32,서울/53,152-774,"서울 구로구 신도림동642,  201-101(e편한세상대림2차아파트)",전) IBM,,"010-
8956-9774"
이한철,32,통영/75,137-902,"서울 서초구 강남대로109길 73-8,  C-103 (잠원동, 삼화
빌라) ","스마트소프트
/대표(컴퓨터
프로그램개발)","070-
4117-7794","010-
3402-7794
only4han@
    gmail.com
"
이한춘,32, 춘천/36,447-140,"경기도 화성시 동탄원천로 289-10, 705-1301 (능동)","전) 강원도과학
교육원/연구관","031)
372-3625","010-
8948-5065"
이현모,33, 포천/34,134-210,"서울 광진구 광장로 63, 4-105 
 (광장동, 유천빌라) ","전) 초등학교/
          교장","02)
447-6243","010-
8447-6243
chang145@
dfeamwiz.com"
이홍모,33,서울/69,151-778,"서울 관악구 은천동
관악벽산블르밍(A)
201-1603",,,"010-
5381-5999"
이희원,34,서울/82,100-837,"서울 중구 세종대로 9길20, 
대경빌딩12층","신한금융
투자/ 대리",,"010-
9762-0326
wonylee@
shinhan.com"
 隱庵公派 ,,,,,,,
성명,세수,본향/생년,거주지,,직업,연락처,
,,,우편번호,주소,직장/직위,집/직장,핸드폰/ e-mail
이고명,29,의령/42,446-581,"경기도 용인시 기흥구 강남동로 126, 907-1902 (상하동, 강남마을한라비발디아파트) ",,"031)
285-1712","010-
6255-4315"
이달영,31,의령/68,130-826,"서울 동대문구 휘경로3길 57  
(이문동)  ",,"02)
967-2051","010-
2992-2657
"
이동영,31,의령/66,156-711,"서울 동작구 보라매로5길 51, 2003호 (신대방동,롯데관악타워) ","이동영
법률사무소
/변호사","02)
835-3741
02)
594-2345","010-
6682-7520
ldy7520@
hanmail.net"
이두영,31,의령/62,138-050,"서울 강동구 구천면로 244-10, A-311  (천호동, 유천천호빌라)","외교통상부
뉴욕총영사관",,현)뉴욕 거주
이명희,29,의령/50,143-815,"서울 광진구 광나루로 579, 104-402 (광장동, 금호베스트빌)",,"02)
3437-2829","010-
6587-2829"
이민영,31,의령/79,152-774,"서울 구로구 신도림로 16, 105- 1501 (신도림동, 신도림대림2차아파트) ",,"02)
2678-6026","010-
9908-1666"
이보영,,/,158-845,"서울 양천구 지양로11길 8-10, 가동 202호  (신월동, 미림주택) ",,,
이복영,27,의령/35,152-814,서울 구로구 개봉로 17마길 37  (개봉동)  ,,"02)
2685-4346","010-
9268-4346
"
이상기,,/,423-808,"경기도 광명시 광명로 917길 10, 102호 (광명동, 동아빌라)    ",,,
이상영,31,의령/66,431-764,"경기도 안양시 동안구 경수대로 462, 209동 601호  (호계동, 현대홈타운2차아파트)","㈜
세진해운항공
    /대표이사","02)
2128-0010","010-
3890-5761
sylee@
sejinsa.com"
이석배,,/,423-806,"경기도 광명시 오리로964번길 38  (광명동) 
",,,
이석희,30,/33,134-903,"서울 강동구 구천면로 244-10, A동311호 
 (천호동, 유천천호빌라)   ",,"02)
477-7520","010-
8377-7520"
이세기,,/,158-819,"서울 양천구 목동중앙서로8가길 25-9  (목동)
",,"02)
642-3970",
이세영,31,의령/79,157-872,"서울 강서구 강서로24길 64, 2층 (화곡동) ",,"02)
2603-4439","010-
9753-3030"
이수기,,/,150-849,서울 영등포구 도신로62길 37-8  (신길동) ,,"02)
843-4308",
이숙자,31,의령/48,440-717,"경기도 수원시 장안구 하률로
46길 17, 302-804 (천천동, 
현대아파트) ",,,"010-
8889-0559
"
이순임,28,의령/52,443-737,"경기도 수원시 영통구 청명로 132, 322- 202 (영통동, 삼익
아파트)
",,"031)
203-7554","019-
398-7550"
"이쌍덕
(종득)",30,의령/45,137-140,"서울 서초구 우면동 
서초네이처힐A 606-1201","전)㈜유신코퍼
레이션/전무","02)
533-3245","010-
5230-3245
lssd3245@
dreamwiz.com"
이영기,31,의령/52,157-835,"서울 강서구 강서로45라길 40, 201호  (내발산동, 우림) ",,"02)
2663-2063","010-
3742-0304"
이오영,31,의령/60,137-762,"서울 서초구 서초중앙로 220, 2- 505 (반포동, 한양아파트) ","공증법무법인
(유)한결
/변호사","02)
536-1159
02)
3487-3000","010-
9117-1159
oylee@
hllaw.co.kr"
이옥기,29,의령/47,138-200,"서울 송파구 새말로8길 12, 101-310  (문정동, 건영아파트)  ",,"02)
430-6376","010-
6268-6371"
이옥자,29,의령/52,440-842,"경기도 수원시 장안구 대평로39번길 8, 232-1401  (정자동, 대동아파트) ",,,"010-
3129-8545"
이외주,30,의령/36,121-844,서울 마포구 성미산로13길 14  (성산동),,"02)
324-8433","011-
9958-3535




"
이원영,31,의령/77,137-779,"서울 서초구 태봉로2길 30, 606-1201 (우면동, 서초네이처힐6단지) ","성균관대학교
/기계공학교수","031)
299-4848","010-
4701-7245"
이원준,31,의령/79,137-772,"서울 서초구 사임당로 130,
2동 212호(서초동,신동아A)","㈜유신코퍼
레이션/과장","02)
6302-0346",010-9132-3245
이장호,30,의령/76,158-752,"서울 양천구 목동서로 70, 218- 108 (목동, 목동2단지아파트) ","코스콤
시장개발부
/대리",,"010-
3587-7937
blueyich@koscom.co.kr"
이재기,29,의령/52,136-130,"서울 성북구 종암로 186-24  
(하월곡동) ",,"02)
914-7461","011-
734-7461"
이정균,,화성/,445-958,경기도 화성시 팔탄면 하저길 82-12   ,"㈜엘씨
코퍼레이션","031)
356-7176","kcorp@
kotis.Net"
이정영,31,의령/47,130-852,서울특별시 동대문구 전농로25길 14-2  (전농동)  ,,"02)
2213-8831","010-
8981-8831
"
이종균,30,의령/37,156-816,서울 동작구 사당로 29길 27-5  (사당동) ,,"02)
591-7924","010-
3888-7924"
이종근,30,/,138-808,서울 송파구 송이로23길 22-18  (가락동)  ,,"02)
408-8341",
이종남,30,합천/40,157-836,"서울 강서구 등촌로 39가길 42, 6-302 (등촌동, 두보하이츠빌라) ",,"070-
7568-3123","010-
4306-3123"
이종달,30,/,120-050,"서울 서대문구 냉천동
81-45",,"02)
313-7693",
이종덕,30,합천/42,140-800,서울 용산구 한강대로102나길 34  (갈월동) ,,"02)
756-9277","016-
220-9277
"
이종만,30,/,130-805,서울 동대문구 사가정로2길 18-14  (답십리동)   ,,"02)
2245-5267",
이종민,30,/,421-827,"경기도 부천시 오정구 소사로799길 17  (원종동, 성북주택)  402호",,"032)
672-0569",
이종삼,30,/,463-781,"경기도 성남시 분당구 백현로 227, 507-401  (수내동, 푸른마을쌍용아파트) ",,,
이종상,30,합천/49,121-811,"서울 마포구 독막로 268,  108- 303 (대흥동, 대흥동태영아파트) ",,"02)
712-4487","010-
4733-4487"
이종성,30,의령/55,,,,,"017-
227-0992"
이종수,30,/,156-846,"서울 양천구 중앙로 46길 48, 
나-103  (신정동, 삼양주택) ",,"02)
695-1823",
이종술,30,/,471-813,경기도 구리시 벌말로 185길 47-3  (수택동),,"031)
562-3682",
이종식,30,진주/50,487-822,"경기도 포천시 소흘읍
 고모루성길 47  ",,"02)
981-1869","010-
3789-2942"
이종식,30,/,420-834,"경기도 부천시 원미구 역곡동
51-3  태우(A) B동 306",,"032)
652-3354",
이종식,30,/,427-060,경기도 과천시 경마공원대로 86-7  (과천동) ,대종농원,"02)
503-4638",
이종윤,30,의령/57,420-721,"경기도 부천시 원미구 중동로 204, 1340-201
 (중동, 그린타운아파트) ",상승포장/대표,"031)
542-4604","010-
5238-3233
dlwwhdbs1026@daum.net"
이종윤,30,의령/30,130-826,서울 동대문구 휘경로 3길 57  (이문동) ,,"02)
967-2051","010-
8332-2051
"
이종은,30,    /47,420-844,경기도 부천시 원미구 중동로161길 26  (중동) ,,"032)
663-4053","011-
778-4053"
이종점,30,의령/42,135-824,서울 강남구 학동로 18길 50-5  (논현동),,"02)
547-1655","010-
4847-1655"
이종철,30,의령/48,472-943,"경기도 남양주시 오남읍 진건오남로 512길 25-1, 207-402 (신우아이딜아파트) ",,"031)
574-4767","010-
3788-4767"
이종철,30,/,431-818,"경기도 안양시 동안구 비산로
62길 16-2  (비산동)  ",,"031)
443-1784",
이종태,30,합천/44,448-531,"경기도 용인시 수지구 성복2로 126, 308-706 (성복동, 성동마을LG빌리지3차아파트)  ",동산농장,"031)
263-1706","011-
736-1710
ljt4435@
naver.com"
이종택,30,진주/57,134-772,"서울 강동구 명일로 38, 229- 503 (둔촌동, 주공아파트)",,"02)
482-9041","011-
266-1984"
이종필,30,의령/48,157-872,"서울 강서구 강서로24길 64 
 (화곡동)  2층",,"02)
2603-4439
02)
2603-4439
","017-229-4439
jp10402@
hanmail.net
http://café.daum
.net/jpl4439
"
이종해,30,합천/45,120-771,"서울 서대문구 세검정로1길 93, 116동 706호 
 (홍은동, 벽산아파트) ",,"02)
3217-9366","010-
7226-9360"
이종헌,30,의령/52,152-774,"서울 구로구 신도림로 16, 105- 1501 (신도림동, 신도림대림2차아파트)  ",,"02)
2678-6026","010-
8960-6026"
이종혁,30,의령/74,156-750,"서울 동작구 여의대방로10길 59, 106-304 (신대방동, 보라매파크빌아파트) ","IBK투자증권
  /차장
","02)
6915-5537","010-
3878-9310
armsfire@
hanmail.net
"
이종혁,30,합천/43,158-805,서울 양천구 목동중앙남로 16마길 8  (목동)  ,,"02)
2643-6444","010-
4705-6713
"
이종홍,30,의령/45,139-800,"서울 노원구 공릉로 170, 석광주택 다-306 (공릉동, 하늘공원) ",,,"011-
207-4265"
이종환,30,의령/50,131-815,서울 중랑구 상봉로 27-1  (면목동) ,,"02)
434-2784","011-
704-4489
"
이춘국,30,의령/49,131-817,서울 중랑구 면목로 442-7  (면목동),,"02)
434-2246","010-
6324-4938
"
이춘옥,29,의령/60,133-020,"서울 성동구 무학봉길 89
설악빌딩 3층",,,"010-
9027-2511"
이해영,31,의령/67,156-724,"서울 동작구 만양로 19, 103- 1113 (노량진동, 신동아리버파크아파트) ",,"02)
813-8457","019-
413-7734"
이현영,31,의령/74,157-872,"서울 강서구 강서로 24길 64, 2층  (화곡동) ","씨제이
푸드빌㈜/대리",,"010-
9166-4439
heun4439@
cj.net"
이현준,30,의령/57,121-765,"서울 마포구 공덕동 만리재로
60, 303-303 (삼성래미안아파트)","교육과학
기술부/감사총괄팀장","02)
706-2636","010-
3663-5501
hi_21@
hanmail.net"
이호영,31,의령/58,138-050,"서울 종로구 사직동 광화문
풍림스페이스본A 101-1205",국무총리실/비서실장(차관),"044)
200-2170","010-
8739-4116
www.
pmo.go.kr
"
이호영,31,의령/64,156-724,"서울 동작구 만양로 19, 103- 1113 (노량진동, 신동아리버파크아파트) ",,"02)
813-8457",
이희영,31,의령/76,158-073,"서울 양천구 신정이펜1로 51, 410-602  (신정동, 신정이펜하우스4단지) ","씨제이제일제당
/그룹본부품질
안전센터부장",,"017
-279-4439
hee4439@
cj.net"